Frame,Chorea Label File 1,Chorea Label File 2,Issue
43687,-9,-9,Missing Frame in File 1
43760,-9,-9,Missing Frame in File 2
43761,-9,-9,Missing Frame in File 2
43762,-9,-9,Missing Frame in File 2
43763,-9,-9,Missing Frame in File 2
43764,-9,-9,Missing Frame in File 2
43765,-9,-9,Missing Frame in File 2
43766,-9,-9,Missing Frame in File 2
43767,-9,-9,Missing Frame in File 2
43768,-9,-9,Missing Frame in File 2
43769,-9,-9,Missing Frame in File 2
43770,-9,-9,Missing Frame in File 2
43771,-9,-9,Missing Frame in File 2
43772,-9,-9,Missing Frame in File 2
43773,-9,-9,Missing Frame in File 2
43774,-9,-9,Missing Frame in File 2
43775,-9,-9,Missing Frame in File 2
43776,-9,-9,Missing Frame in File 2
43777,-9,-9,Missing Frame in File 2
44182,-9,-9,Missing Frame in File 1
44183,-9,-9,Missing Frame in File 1
44184,-9,-9,Missing Frame in File 1
44185,-9,-9,Missing Frame in File 1
44186,-9,-9,Missing Frame in File 1
44187,-9,-9,Missing Frame in File 1
44188,-9,-9,Missing Frame in File 1
44189,-9,-9,Missing Frame in File 1
44190,-9,-9,Missing Frame in File 1
44191,-9,-9,Missing Frame in File 1
44192,-9,-9,Missing Frame in File 1
44193,-9,-9,Missing Frame in File 1
44194,-9,-9,Missing Frame in File 1
44195,-9,-9,Missing Frame in File 1
44196,-9,-9,Missing Frame in File 1
44197,-9,-9,Missing Frame in File 1
44198,-9,-9,Missing Frame in File 1
44199,-9,-9,Missing Frame in File 1
44200,-9,-9,Missing Frame in File 1
44201,-9,-9,Missing Frame in File 1
44202,-9,-9,Missing Frame in File 1
44203,-9,-9,Missing Frame in File 1
44204,-9,-9,Missing Frame in File 1
44205,1,-9,Mismatch
44206,1,-9,Mismatch
44207,1,-9,Mismatch
44208,1,-9,Mismatch
44209,1,-9,Mismatch
44210,1,-9,Mismatch
44211,1,-9,Mismatch
44243,1,3,Mismatch
44244,1,3,Mismatch
44245,1,3,Mismatch
44246,1,3,Mismatch
44247,1,3,Mismatch
44248,1,3,Mismatch
44249,1,3,Mismatch
44287,3,1,Mismatch
44288,3,1,Mismatch
44289,3,1,Mismatch
44345,1,4,Mismatch
44346,1,4,Mismatch
44347,1,4,Mismatch
44467,1,0,Mismatch
44468,1,0,Mismatch
44469,1,0,Mismatch
44470,1,0,Mismatch
44471,1,0,Mismatch
44472,1,0,Mismatch
44473,1,0,Mismatch
44474,1,0,Mismatch
44475,1,0,Mismatch
44476,1,0,Mismatch
44477,1,0,Mismatch
44478,1,0,Mismatch
44479,1,0,Mismatch
44480,1,0,Mismatch
44481,1,0,Mismatch
44482,1,0,Mismatch
44483,1,0,Mismatch
44484,1,0,Mismatch
44485,1,0,Mismatch
44486,1,0,Mismatch
44557,1,2,Mismatch
44558,1,2,Mismatch
44559,1,2,Mismatch
44560,1,2,Mismatch
44561,1,2,Mismatch
44562,1,2,Mismatch
44563,1,2,Mismatch
44564,1,2,Mismatch
44565,1,2,Mismatch
44566,1,2,Mismatch
44567,1,2,Mismatch
44568,1,2,Mismatch
44569,1,2,Mismatch
44570,1,2,Mismatch
44571,1,2,Mismatch
44572,1,2,Mismatch
44573,1,2,Mismatch
44574,1,2,Mismatch
44575,1,2,Mismatch
44576,1,2,Mismatch
44577,1,2,Mismatch
44578,1,2,Mismatch
44579,1,2,Mismatch
44580,1,2,Mismatch
44581,1,2,Mismatch
44582,1,2,Mismatch
44583,1,2,Mismatch
44584,1,2,Mismatch
44623,2,4,Mismatch
44624,2,4,Mismatch
44958,4,2,Mismatch
44959,4,2,Mismatch
44960,4,2,Mismatch
44961,4,2,Mismatch
44962,4,2,Mismatch
44963,4,2,Mismatch
44964,4,2,Mismatch
44965,4,2,Mismatch
44966,4,2,Mismatch
44967,-9,2,Missing Frame in File 1
44968,-9,2,Missing Frame in File 1
44969,-9,2,Missing Frame in File 1
44970,-9,2,Missing Frame in File 1
44971,-9,2,Missing Frame in File 1
44972,-9,2,Missing Frame in File 1
44973,-9,2,Missing Frame in File 1
44974,-9,2,Missing Frame in File 1
44975,-9,2,Missing Frame in File 1
44976,-9,2,Missing Frame in File 1
44977,-9,2,Missing Frame in File 1
44978,-9,2,Missing Frame in File 1
44979,-9,2,Missing Frame in File 1
44980,-9,-9,Missing Frame in File 1
47812,-9,-9,Missing Frame in File 2
47813,-9,-9,Missing Frame in File 2
47814,-9,-9,Missing Frame in File 2
47815,-9,-9,Missing Frame in File 2
47816,-9,-9,Missing Frame in File 2
47817,-9,-9,Missing Frame in File 2
47818,-9,-9,Missing Frame in File 2
47819,-9,-9,Missing Frame in File 2
47820,-9,-9,Missing Frame in File 2
47821,-9,-9,Missing Frame in File 2
47822,-9,-9,Missing Frame in File 2
47823,-9,-9,Missing Frame in File 2
47824,-9,-9,Missing Frame in File 2
47825,-9,-9,Missing Frame in File 2
47826,-9,-9,Missing Frame in File 2
47827,-9,-9,Missing Frame in File 2
47828,-9,-9,Missing Frame in File 2
47829,-9,-9,Missing Frame in File 2
47830,-9,-9,Missing Frame in File 2
47831,-9,-9,Missing Frame in File 2
47832,-9,-9,Missing Frame in File 2
47833,-9,-9,Missing Frame in File 2
47834,-9,-9,Missing Frame in File 2
47835,-9,-9,Missing Frame in File 2
47836,-9,-9,Missing Frame in File 2
47837,-9,-9,Missing Frame in File 2
47838,-9,-9,Missing Frame in File 2
47839,-9,-9,Missing Frame in File 2
47840,-9,-9,Missing Frame in File 2
47841,-9,-9,Missing Frame in File 2
47842,-9,-9,Missing Frame in File 2
47888,-9,4,Mismatch
47889,-9,4,Mismatch
47890,-9,4,Mismatch
47891,-9,4,Mismatch
47892,-9,4,Mismatch
47893,-9,4,Mismatch
47894,-9,4,Mismatch
47895,-9,4,Mismatch
47896,-9,4,Mismatch
47897,-9,4,Mismatch
47898,-9,4,Mismatch
47899,-9,4,Mismatch
47900,-9,4,Mismatch
47901,-9,4,Mismatch
47902,-9,4,Mismatch
47903,-9,4,Mismatch
47904,-9,4,Mismatch
47905,-9,4,Mismatch
47906,-9,4,Mismatch
47907,-9,4,Mismatch
47908,-9,4,Mismatch
47909,-9,4,Mismatch
47910,-9,4,Mismatch
47911,-9,4,Mismatch
47912,-9,4,Mismatch
47913,-9,4,Mismatch
47914,-9,4,Mismatch
47915,-9,4,Mismatch
47916,-9,4,Mismatch
47917,-9,4,Mismatch
47918,-9,4,Mismatch
47919,-9,4,Mismatch
47920,-9,4,Mismatch
47921,-9,4,Mismatch
47922,-9,4,Mismatch
47923,-9,4,Mismatch
47924,-9,4,Mismatch
47925,-9,4,Mismatch
47926,-9,4,Mismatch
47927,-9,4,Mismatch
47928,-9,4,Mismatch
47929,-9,4,Mismatch
47930,-9,4,Mismatch
47931,-9,4,Mismatch
47932,-9,4,Mismatch
47933,-9,4,Mismatch
47934,-9,4,Mismatch
47935,-9,4,Mismatch
47936,-9,4,Mismatch
47937,-9,4,Mismatch
47938,-9,4,Mismatch
47939,-9,4,Mismatch
47940,-9,4,Mismatch
47941,-9,4,Mismatch
47942,-9,4,Mismatch
47943,-9,4,Mismatch
47944,-9,4,Mismatch
47945,-9,4,Mismatch
47946,-9,4,Mismatch
47947,-9,4,Mismatch
47948,-9,4,Mismatch
47949,-9,4,Mismatch
47950,-9,4,Mismatch
47951,-9,4,Mismatch
47952,-9,4,Mismatch
47953,-9,4,Mismatch
47954,-9,4,Mismatch
47955,-9,4,Mismatch
47956,-9,4,Mismatch
47957,-9,4,Mismatch
47958,-9,4,Mismatch
47959,-9,4,Mismatch
47960,-9,4,Mismatch
47961,-9,4,Mismatch
47962,-9,4,Mismatch
47963,-9,4,Mismatch
47964,-9,4,Mismatch
47965,-9,4,Mismatch
47966,-9,4,Mismatch
47967,-9,4,Mismatch
47968,-9,4,Missing Frame in File 1
47969,-9,4,Missing Frame in File 1
47970,-9,4,Missing Frame in File 1
47971,-9,4,Missing Frame in File 1
48163,-9,-9,Missing Frame in File 2
48164,-9,-9,Missing Frame in File 2
48165,-9,-9,Missing Frame in File 2
48166,-9,-9,Missing Frame in File 2
48167,-9,-9,Missing Frame in File 2
48168,-9,-9,Missing Frame in File 2
48169,-9,4,Mismatch
48170,-9,4,Mismatch
48171,-9,4,Mismatch
48172,-9,4,Mismatch
48173,-9,4,Mismatch
48174,-9,4,Mismatch
48175,-9,4,Mismatch
48176,-9,4,Mismatch
48177,-9,4,Mismatch
48178,-9,4,Mismatch
48179,-9,4,Mismatch
48180,-9,4,Mismatch
48181,-9,4,Mismatch
48182,-9,4,Mismatch
48183,-9,4,Mismatch
48184,-9,4,Mismatch
48185,-9,4,Mismatch
48186,-9,4,Mismatch
48187,-9,4,Mismatch
48188,-9,4,Mismatch
48189,-9,4,Mismatch
48190,-9,4,Mismatch
48191,-9,4,Mismatch
48192,-9,4,Mismatch
48193,-9,4,Mismatch
48194,-9,4,Mismatch
48195,-9,4,Mismatch
48196,-9,4,Mismatch
48197,-9,4,Mismatch
48198,-9,4,Mismatch
48199,-9,4,Mismatch
48200,-9,4,Mismatch
48201,-9,4,Mismatch
48202,-9,4,Mismatch
48203,-9,4,Mismatch
48204,-9,4,Mismatch
48205,-9,4,Mismatch
48206,-9,4,Mismatch
48207,-9,4,Mismatch
48208,-9,4,Mismatch
48209,-9,4,Mismatch
48210,-9,4,Mismatch
48211,-9,4,Mismatch
48212,-9,4,Mismatch
48213,-9,4,Mismatch
48263,-9,-9,Missing Frame in File 2
48264,-9,-9,Missing Frame in File 2
48265,-9,-9,Missing Frame in File 2
48266,-9,-9,Missing Frame in File 2
48267,-9,-9,Missing Frame in File 2
48268,-9,-9,Missing Frame in File 2
48269,-9,-9,Missing Frame in File 2
48270,-9,-9,Missing Frame in File 2
48271,-9,-9,Missing Frame in File 2
48272,-9,-9,Missing Frame in File 2
48273,-9,-9,Missing Frame in File 2
48274,-9,-9,Missing Frame in File 2
48275,-9,-9,Missing Frame in File 2
48276,-9,-9,Missing Frame in File 2
48277,-9,-9,Missing Frame in File 2
48278,-9,-9,Missing Frame in File 2
48279,-9,-9,Missing Frame in File 2
48280,-9,-9,Missing Frame in File 2
48281,-9,-9,Missing Frame in File 2
48282,-9,-9,Missing Frame in File 2
48283,-9,-9,Missing Frame in File 2
48284,-9,-9,Missing Frame in File 2
48285,-9,-9,Missing Frame in File 2
48286,-9,-9,Missing Frame in File 2
48287,-9,-9,Missing Frame in File 2
48288,-9,-9,Missing Frame in File 2
48289,-9,-9,Missing Frame in File 2
48290,-9,-9,Missing Frame in File 2
48291,-9,-9,Missing Frame in File 2
48292,-9,-9,Missing Frame in File 2
48293,-9,-9,Missing Frame in File 2
48294,-9,-9,Missing Frame in File 2
48295,-9,-9,Missing Frame in File 2
48296,-9,-9,Missing Frame in File 2
48297,-9,-9,Missing Frame in File 2
48298,-9,-9,Missing Frame in File 2
49610,4,-9,Mismatch
49834,4,2,Mismatch
49835,4,2,Mismatch
49836,4,2,Mismatch
49863,4,2,Mismatch
49864,4,2,Mismatch
49865,4,2,Mismatch
49972,4,2,Mismatch
49973,4,2,Mismatch
49974,4,2,Mismatch
49975,4,2,Mismatch
49976,4,2,Mismatch
49977,4,2,Mismatch
49978,4,2,Mismatch
49979,4,2,Mismatch
49980,4,2,Mismatch
49981,4,2,Mismatch
49982,4,2,Mismatch
49983,4,2,Mismatch
49984,4,2,Mismatch
49985,4,2,Mismatch
49986,4,2,Mismatch
49987,4,2,Mismatch
49988,4,2,Mismatch
49989,4,2,Mismatch
49990,4,2,Mismatch
50092,2,4,Mismatch
50093,2,4,Mismatch
50094,2,4,Mismatch
50095,2,4,Mismatch
50096,2,4,Mismatch
50097,2,4,Mismatch
50098,2,4,Mismatch
50099,2,4,Mismatch
50100,2,4,Mismatch
50101,2,4,Mismatch
50102,2,4,Mismatch
50103,2,4,Mismatch
50104,2,4,Mismatch
50105,2,4,Mismatch
50106,2,4,Mismatch
50107,2,4,Mismatch
50108,2,4,Mismatch
50109,2,4,Mismatch
50110,2,4,Mismatch
50111,2,4,Mismatch
50112,2,4,Mismatch
50113,2,4,Mismatch
50114,2,4,Mismatch
50150,2,4,Mismatch
50151,2,4,Mismatch
50152,2,4,Mismatch
50153,2,4,Mismatch
50154,2,4,Mismatch
50155,2,4,Mismatch
50156,2,4,Mismatch
50157,2,4,Mismatch
50158,2,4,Mismatch
50159,2,4,Mismatch
50160,2,4,Mismatch
50238,2,4,Mismatch
50239,2,4,Mismatch
50240,2,4,Mismatch
50241,2,4,Mismatch
50242,2,4,Mismatch
50243,2,4,Mismatch
50244,2,4,Mismatch
50245,2,4,Mismatch
50281,4,2,Mismatch
50282,4,2,Mismatch
50311,4,2,Mismatch
50312,4,2,Mismatch
50313,4,2,Mismatch
50314,4,2,Mismatch
50315,4,2,Mismatch
50452,-9,4,Mismatch
50453,-9,4,Mismatch
50582,-9,4,Missing Frame in File 1
50583,-9,4,Missing Frame in File 1
50584,-9,4,Missing Frame in File 1
50585,-9,4,Missing Frame in File 1
50586,-9,4,Missing Frame in File 1
50587,-9,4,Missing Frame in File 1
50588,-9,4,Missing Frame in File 1
50589,-9,4,Missing Frame in File 1
50590,-9,4,Missing Frame in File 1
50591,-9,4,Missing Frame in File 1
50592,-9,4,Missing Frame in File 1
50593,-9,4,Missing Frame in File 1
50594,-9,4,Missing Frame in File 1
50595,-9,4,Missing Frame in File 1
50596,-9,4,Missing Frame in File 1
50597,-9,4,Missing Frame in File 1
50598,-9,4,Missing Frame in File 1
50599,-9,4,Missing Frame in File 1
50600,-9,4,Missing Frame in File 1
50663,4,2,Mismatch
50664,4,2,Mismatch
50665,4,2,Mismatch
50666,4,2,Mismatch
50667,4,2,Mismatch
50668,4,2,Mismatch
50669,4,2,Mismatch
50670,4,2,Mismatch
50671,4,2,Mismatch
50672,4,2,Mismatch
50673,4,2,Mismatch
50674,4,2,Mismatch
50675,4,2,Mismatch
50676,4,2,Mismatch
50677,4,2,Mismatch
50678,4,2,Mismatch
50679,4,2,Mismatch
50680,4,2,Mismatch
50681,4,2,Mismatch
50682,4,2,Mismatch
50683,4,2,Mismatch
50684,4,2,Mismatch
50685,4,2,Mismatch
50686,4,2,Mismatch
50687,4,2,Mismatch
50688,4,2,Mismatch
50689,4,2,Mismatch
50690,4,2,Mismatch
50691,4,2,Mismatch
50692,4,2,Mismatch
50693,4,2,Mismatch
51017,4,2,Mismatch
51018,4,2,Mismatch
51019,4,2,Mismatch
51020,4,2,Mismatch
51021,4,2,Mismatch
51022,4,2,Mismatch
51023,4,2,Mismatch
51024,4,2,Mismatch
51025,4,2,Mismatch
51026,4,2,Mismatch
51027,4,2,Mismatch
51028,4,2,Mismatch
51029,4,2,Mismatch
51030,4,2,Mismatch
51031,4,2,Mismatch
51032,4,2,Mismatch
51033,4,2,Mismatch
51034,4,2,Mismatch
51035,4,2,Mismatch
51036,4,2,Mismatch
51037,4,2,Mismatch
51038,4,2,Mismatch
51039,4,2,Mismatch
51040,4,2,Mismatch
51041,4,2,Mismatch
51042,4,2,Mismatch
51043,4,2,Mismatch
51095,-9,4,Mismatch
51096,-9,4,Mismatch
51097,-9,4,Mismatch
51098,-9,4,Mismatch
51099,-9,4,Mismatch
51100,-9,4,Mismatch
51101,-9,4,Mismatch
51102,-9,4,Mismatch
51144,-9,2,Mismatch
51145,-9,2,Mismatch
51146,-9,2,Mismatch
51147,-9,2,Mismatch
51148,-9,2,Mismatch
51149,-9,2,Mismatch
51150,-9,2,Mismatch
51151,-9,2,Mismatch
51152,-9,2,Mismatch
51153,-9,2,Mismatch
51154,-9,2,Mismatch
51155,-9,2,Mismatch
51156,-9,2,Mismatch
51157,-9,2,Mismatch
51158,-9,2,Mismatch
51159,-9,2,Mismatch
51160,-9,2,Mismatch
51161,-9,2,Mismatch
51162,-9,2,Mismatch
51163,-9,2,Mismatch
51164,-9,2,Mismatch
51165,-9,2,Mismatch
51166,-9,2,Mismatch
51167,-9,2,Mismatch
51168,-9,2,Mismatch
51169,-9,2,Mismatch
51170,-9,2,Mismatch
51171,-9,2,Mismatch
51172,-9,2,Mismatch
51173,-9,2,Mismatch
51174,-9,2,Mismatch
51175,-9,2,Mismatch
51176,-9,2,Mismatch
51177,-9,2,Mismatch
51178,-9,2,Mismatch
51179,-9,4,Mismatch
51180,-9,4,Mismatch
51181,-9,4,Mismatch
51182,-9,4,Mismatch
51183,-9,4,Mismatch
51184,-9,4,Mismatch
51185,-9,4,Mismatch
51186,-9,4,Mismatch
51187,-9,4,Mismatch
51188,-9,4,Mismatch
51189,-9,4,Mismatch
51190,-9,4,Mismatch
51191,-9,4,Mismatch
51192,-9,4,Mismatch
51193,-9,4,Mismatch
51194,-9,4,Mismatch
51195,-9,4,Mismatch
51196,-9,4,Mismatch
51197,-9,4,Mismatch
51198,-9,4,Mismatch
51199,-9,4,Mismatch
51200,-9,4,Mismatch
51201,-9,4,Mismatch
51202,-9,4,Mismatch
51203,-9,4,Mismatch
51204,-9,4,Mismatch
51205,-9,4,Mismatch
51206,-9,4,Mismatch
51207,-9,4,Mismatch
51208,-9,4,Mismatch
51209,-9,4,Mismatch
51210,-9,4,Mismatch
51211,-9,4,Mismatch
51212,-9,4,Mismatch
51213,-9,4,Mismatch
51214,-9,4,Mismatch
51215,-9,4,Mismatch
51216,-9,4,Mismatch
51217,-9,4,Mismatch
51218,-9,4,Mismatch
51219,-9,4,Mismatch
51220,-9,4,Mismatch
51221,-9,4,Mismatch
51222,-9,4,Mismatch
51223,-9,4,Mismatch
51224,-9,4,Mismatch
51225,-9,4,Mismatch
51226,-9,4,Mismatch
51227,-9,4,Mismatch
51228,-9,4,Mismatch
51229,-9,4,Mismatch
51230,-9,4,Mismatch
51231,-9,4,Mismatch
51232,-9,4,Mismatch
51233,-9,4,Mismatch
51234,-9,4,Mismatch
51235,-9,4,Mismatch
51236,-9,4,Mismatch
51237,-9,4,Mismatch
51238,-9,4,Mismatch
51239,-9,4,Mismatch
51240,-9,4,Mismatch
51241,-9,4,Mismatch
51242,-9,4,Mismatch
51243,-9,4,Mismatch
51244,-9,4,Mismatch
51245,-9,4,Mismatch
51246,-9,4,Mismatch
51247,-9,4,Mismatch
51248,-9,4,Mismatch
51249,-9,4,Mismatch
51250,-9,4,Mismatch
51251,-9,4,Mismatch
51252,-9,4,Mismatch
51253,-9,4,Mismatch
51254,-9,4,Mismatch
51255,-9,4,Mismatch
51256,-9,4,Mismatch
51257,-9,4,Mismatch
51258,-9,4,Mismatch
51259,-9,4,Mismatch
51260,-9,4,Mismatch
51261,-9,4,Mismatch
51262,-9,4,Mismatch
51263,-9,4,Mismatch
51264,-9,4,Mismatch
51265,-9,4,Mismatch
51266,-9,4,Mismatch
51267,-9,4,Mismatch
51268,-9,4,Mismatch
51269,-9,4,Mismatch
51270,-9,4,Mismatch
51271,-9,4,Mismatch
51272,-9,4,Mismatch
51273,-9,4,Mismatch
51410,-9,4,Missing Frame in File 1
51577,-9,4,Missing Frame in File 1
51578,-9,4,Missing Frame in File 1
51579,-9,4,Missing Frame in File 1
51580,-9,4,Missing Frame in File 1
51581,-9,4,Missing Frame in File 1
51582,-9,4,Missing Frame in File 1
52036,4,2,Mismatch
52037,4,2,Mismatch
52038,4,2,Mismatch
52039,4,2,Mismatch
52040,4,2,Mismatch
52065,4,2,Mismatch
52134,1,4,Mismatch
52135,1,4,Mismatch
52136,1,4,Mismatch
52137,1,4,Mismatch
52138,1,4,Mismatch
52139,1,4,Mismatch
52140,1,4,Mismatch
52141,1,4,Mismatch
52142,1,4,Mismatch
52143,1,4,Mismatch
52144,1,4,Mismatch
52145,1,4,Mismatch
52146,1,4,Mismatch
52147,1,4,Mismatch
52148,1,4,Mismatch
52149,1,4,Mismatch
52150,1,4,Mismatch
52151,1,4,Mismatch
52152,1,4,Mismatch
52153,1,4,Mismatch
52154,1,4,Mismatch
52215,1,0,Mismatch
52294,0,4,Mismatch
52295,0,4,Mismatch
52296,0,4,Mismatch
52297,0,4,Mismatch
52298,0,4,Mismatch
52299,0,4,Mismatch
52300,0,4,Mismatch
52301,0,4,Mismatch
52302,0,4,Mismatch
52303,0,4,Mismatch
52304,0,4,Mismatch
52305,0,4,Mismatch
52306,0,4,Mismatch
52307,0,4,Mismatch
52308,0,4,Mismatch
52309,0,4,Mismatch
52310,0,4,Mismatch
52311,0,4,Mismatch
52312,0,4,Mismatch
52313,0,4,Mismatch
52314,0,4,Mismatch
52315,0,4,Mismatch
52316,0,4,Mismatch
52317,0,4,Mismatch
52318,0,4,Mismatch
52356,-9,4,Missing Frame in File 1
52357,-9,4,Missing Frame in File 1
52358,-9,4,Missing Frame in File 1
52359,-9,4,Missing Frame in File 1
52360,-9,4,Missing Frame in File 1
52361,-9,4,Missing Frame in File 1
52362,-9,4,Missing Frame in File 1
52363,-9,4,Missing Frame in File 1
52364,-9,4,Missing Frame in File 1
52365,-9,4,Missing Frame in File 1
52366,-9,4,Missing Frame in File 1
52367,-9,4,Missing Frame in File 1
52368,-9,4,Missing Frame in File 1
52369,-9,4,Missing Frame in File 1
52370,-9,4,Missing Frame in File 1
52371,-9,4,Missing Frame in File 1
52372,-9,4,Missing Frame in File 1
52373,-9,4,Missing Frame in File 1
52374,-9,4,Missing Frame in File 1
52375,-9,4,Missing Frame in File 1
52376,-9,4,Missing Frame in File 1
52377,-9,4,Missing Frame in File 1
52378,-9,4,Missing Frame in File 1
52379,-9,4,Missing Frame in File 1
52380,-9,-9,Missing Frame in File 1
52537,-9,4,Missing Frame in File 1
52538,-9,4,Missing Frame in File 1
52539,-9,4,Missing Frame in File 1
52540,-9,4,Missing Frame in File 1
52541,-9,4,Missing Frame in File 1
52542,-9,4,Missing Frame in File 1
52543,-9,4,Missing Frame in File 1
52544,-9,4,Missing Frame in File 1
52691,4,0,Mismatch
52692,4,0,Mismatch
52693,4,0,Mismatch
52694,4,0,Mismatch
52695,4,0,Mismatch
52696,4,0,Mismatch
52697,4,0,Mismatch
52698,4,0,Mismatch
52699,4,0,Mismatch
52700,4,0,Mismatch
52701,4,0,Mismatch
52702,4,0,Mismatch
52703,4,0,Mismatch
52754,1,0,Mismatch
52755,1,0,Mismatch
52834,1,4,Mismatch
52835,1,4,Mismatch
52836,1,4,Mismatch
52837,1,4,Mismatch
52838,1,4,Mismatch
52839,1,4,Mismatch
52840,1,4,Mismatch
52841,1,4,Mismatch
52842,1,4,Mismatch
52843,1,4,Mismatch
52844,1,4,Mismatch
52845,1,4,Mismatch
52846,1,4,Mismatch
52847,1,4,Mismatch
52848,1,4,Mismatch
52849,1,4,Mismatch
52850,1,4,Mismatch
52851,1,4,Mismatch
52955,4,-9,Mismatch
52956,4,-9,Mismatch
52957,4,-9,Mismatch
52958,4,-9,Mismatch
52959,4,-9,Mismatch
52960,4,-9,Mismatch
52961,4,-9,Mismatch
52962,4,-9,Mismatch
52963,4,-9,Mismatch
52964,4,-9,Mismatch
52965,4,-9,Mismatch
52966,4,-9,Mismatch
52967,4,-9,Mismatch
52968,4,-9,Mismatch
52969,4,-9,Mismatch
52970,4,-9,Mismatch
52971,4,-9,Mismatch
52972,4,-9,Mismatch
52973,4,-9,Mismatch
52974,4,-9,Mismatch
52975,4,-9,Mismatch
52976,4,-9,Mismatch
52977,4,-9,Mismatch
52978,4,-9,Mismatch
52979,4,-9,Mismatch
52980,4,-9,Mismatch
52981,4,-9,Mismatch
52982,4,-9,Mismatch
52983,4,-9,Mismatch
52984,4,-9,Mismatch
52985,4,-9,Mismatch
52986,4,-9,Mismatch
52987,4,-9,Mismatch
52988,4,-9,Mismatch
52989,4,-9,Mismatch
52990,4,-9,Mismatch
52991,4,-9,Mismatch
52992,4,-9,Mismatch
52993,4,-9,Mismatch
52994,4,-9,Mismatch
52995,4,-9,Mismatch
52996,4,-9,Mismatch
52997,4,-9,Mismatch
52998,4,-9,Mismatch
52999,4,-9,Mismatch
53000,4,-9,Mismatch
53001,4,-9,Mismatch
53002,4,-9,Mismatch
53003,4,-9,Mismatch
53004,4,-9,Mismatch
53005,4,-9,Mismatch
53006,4,-9,Mismatch
53007,4,-9,Mismatch
53008,4,-9,Mismatch
53009,4,-9,Mismatch
53107,4,2,Mismatch
53108,4,2,Mismatch
53109,4,2,Mismatch
53110,4,2,Mismatch
53139,2,4,Mismatch
53140,2,4,Mismatch
53141,2,4,Mismatch
53142,2,4,Mismatch
53143,2,4,Mismatch
53144,2,4,Mismatch
53145,2,4,Mismatch
53146,2,4,Mismatch
53147,2,4,Mismatch
53292,4,2,Mismatch
53293,4,2,Mismatch
53294,4,2,Mismatch
53295,4,2,Mismatch
53296,4,2,Mismatch
53297,4,2,Mismatch
53298,4,2,Mismatch
53299,4,2,Mismatch
53300,4,2,Mismatch
53301,4,2,Mismatch
53302,4,2,Mismatch
53303,4,2,Mismatch
53304,4,2,Mismatch
53305,4,2,Mismatch
53306,4,2,Mismatch
53307,4,2,Mismatch
53308,4,2,Mismatch
53392,-9,4,Missing Frame in File 1
53511,-9,4,Missing Frame in File 1
53512,-9,4,Missing Frame in File 1
53513,-9,4,Missing Frame in File 1
53514,-9,4,Missing Frame in File 1
53515,-9,4,Missing Frame in File 1
53516,-9,4,Missing Frame in File 1
53603,-9,4,Mismatch
53604,-9,4,Mismatch
53605,-9,4,Mismatch
53606,-9,4,Mismatch
53607,-9,4,Mismatch
53608,-9,4,Mismatch
53609,-9,4,Mismatch
53610,-9,4,Mismatch
53611,-9,4,Mismatch
53612,-9,4,Mismatch
53613,-9,4,Mismatch
53614,-9,4,Mismatch
53615,-9,4,Mismatch
53616,-9,4,Mismatch
53617,-9,4,Mismatch
53618,-9,4,Mismatch
53619,-9,4,Mismatch
53620,-9,4,Mismatch
53621,-9,4,Mismatch
53622,-9,4,Mismatch
53623,-9,4,Mismatch
53624,-9,4,Mismatch
53625,-9,4,Mismatch
53626,-9,4,Mismatch
53627,-9,4,Mismatch
53628,-9,4,Mismatch
53629,-9,4,Mismatch
53630,-9,4,Mismatch
53631,-9,4,Mismatch
53632,-9,4,Mismatch
53633,-9,4,Mismatch
53634,-9,4,Mismatch
53635,-9,4,Mismatch
53636,-9,4,Mismatch
53637,-9,4,Mismatch
53638,-9,4,Mismatch
53639,-9,4,Mismatch
53640,-9,4,Mismatch
53641,-9,4,Mismatch
53642,-9,4,Mismatch
53643,-9,4,Mismatch
53644,-9,4,Mismatch
53645,-9,4,Mismatch
53646,-9,4,Mismatch
53647,-9,4,Mismatch
53648,-9,4,Mismatch
53649,-9,4,Mismatch
53650,-9,4,Mismatch
53651,-9,4,Mismatch
53652,-9,4,Mismatch
53653,-9,4,Mismatch
53654,-9,4,Mismatch
53655,-9,4,Mismatch
53656,-9,4,Mismatch
53657,-9,4,Mismatch
53658,-9,4,Mismatch
53659,-9,4,Mismatch
53660,-9,4,Mismatch
53661,-9,4,Mismatch
53662,-9,4,Mismatch
53663,-9,4,Mismatch
53664,-9,4,Mismatch
53665,-9,4,Mismatch
53666,-9,4,Mismatch
53667,-9,4,Mismatch
53668,-9,4,Mismatch
53669,-9,4,Mismatch
53670,-9,4,Mismatch
53671,-9,4,Mismatch
53672,-9,4,Mismatch
53673,-9,4,Mismatch
53674,-9,4,Mismatch
53675,-9,4,Mismatch
53676,-9,4,Mismatch
53677,-9,4,Mismatch
53678,-9,4,Mismatch
53679,-9,4,Mismatch
53680,-9,4,Mismatch
53681,-9,4,Mismatch
53682,-9,4,Mismatch
53683,-9,4,Mismatch
53684,-9,4,Mismatch
53685,-9,4,Mismatch
53686,-9,4,Mismatch
53687,-9,4,Mismatch
53688,-9,4,Mismatch
53689,-9,4,Mismatch
53690,-9,4,Mismatch
53691,-9,4,Mismatch
53692,-9,4,Mismatch
53693,-9,4,Mismatch
53694,-9,4,Mismatch
53695,-9,4,Mismatch
53696,-9,4,Mismatch
53697,-9,4,Mismatch
53698,-9,4,Mismatch
53699,-9,4,Mismatch
53700,-9,4,Mismatch
53701,-9,4,Mismatch
53702,-9,4,Mismatch
53703,-9,4,Mismatch
53704,-9,4,Mismatch
53705,-9,4,Mismatch
53706,-9,4,Mismatch
53707,-9,4,Mismatch
53708,-9,4,Mismatch
53709,-9,4,Mismatch
53710,-9,4,Mismatch
53711,-9,4,Mismatch
53712,-9,4,Mismatch
53713,-9,4,Mismatch
53714,-9,4,Mismatch
53715,-9,4,Mismatch
53716,-9,4,Mismatch
53717,-9,4,Mismatch
53718,-9,4,Mismatch
53719,-9,4,Mismatch
53720,-9,4,Mismatch
53721,-9,4,Mismatch
53722,-9,4,Mismatch
53723,-9,4,Mismatch
53724,-9,4,Mismatch
53725,-9,4,Mismatch
53726,-9,4,Mismatch
53727,-9,4,Mismatch
53728,-9,4,Mismatch
53729,-9,4,Mismatch
53730,-9,4,Mismatch
53731,-9,4,Mismatch
53732,-9,4,Mismatch
53733,-9,4,Mismatch
53734,-9,4,Mismatch
53735,-9,4,Mismatch
53736,-9,4,Mismatch
53737,-9,4,Mismatch
53738,-9,4,Mismatch
53739,-9,4,Mismatch
53740,-9,4,Mismatch
53741,-9,4,Mismatch
53742,-9,4,Mismatch
53743,-9,4,Mismatch
53744,-9,4,Mismatch
53745,-9,4,Mismatch
53746,-9,4,Mismatch
53747,-9,4,Mismatch
53748,-9,4,Mismatch
53749,-9,4,Mismatch
53750,-9,4,Mismatch
53751,-9,4,Mismatch
53752,-9,4,Mismatch
53753,-9,4,Mismatch
53754,-9,4,Mismatch
53755,-9,4,Mismatch
53756,-9,4,Mismatch
53757,-9,4,Mismatch
53758,-9,4,Mismatch
53759,-9,4,Mismatch
53760,-9,4,Mismatch
53761,-9,4,Mismatch
53762,-9,4,Mismatch
53763,-9,4,Mismatch
53764,-9,4,Mismatch
53765,-9,4,Mismatch
53766,-9,4,Mismatch
53767,-9,4,Mismatch
53768,-9,4,Mismatch
53769,-9,4,Mismatch
53770,-9,4,Mismatch
53771,-9,4,Mismatch
53772,-9,4,Mismatch
53773,-9,4,Mismatch
53774,-9,4,Mismatch
53775,-9,4,Mismatch
53776,-9,4,Mismatch
53777,-9,4,Mismatch
53778,-9,4,Mismatch
53779,-9,4,Mismatch
53780,-9,4,Mismatch
53781,-9,4,Mismatch
53782,-9,4,Mismatch
53783,-9,4,Mismatch
53784,-9,4,Mismatch
53785,-9,4,Mismatch
53786,-9,4,Mismatch
53787,-9,4,Mismatch
53788,-9,4,Mismatch
53789,-9,4,Mismatch
53790,-9,4,Mismatch
53791,-9,4,Mismatch
53792,-9,4,Mismatch
53793,-9,4,Mismatch
53794,-9,4,Mismatch
53795,-9,4,Mismatch
53796,-9,4,Mismatch
53797,-9,4,Mismatch
53798,-9,4,Mismatch
53799,-9,4,Mismatch
53800,-9,4,Mismatch
53801,-9,4,Mismatch
53802,-9,4,Mismatch
53803,-9,4,Mismatch
53804,-9,4,Mismatch
53805,-9,4,Mismatch
53806,-9,4,Mismatch
53807,-9,4,Mismatch
53808,-9,4,Mismatch
53809,-9,4,Mismatch
53810,-9,4,Mismatch
53811,-9,4,Mismatch
53812,-9,4,Mismatch
53813,-9,4,Mismatch
53814,-9,4,Mismatch
53815,-9,4,Mismatch
53816,-9,4,Mismatch
53817,-9,4,Mismatch
53818,-9,4,Mismatch
53819,-9,4,Mismatch
53820,-9,4,Mismatch
53821,-9,4,Mismatch
53822,-9,4,Mismatch
53823,-9,4,Mismatch
53824,-9,4,Mismatch
53825,-9,4,Mismatch
53826,-9,4,Mismatch
53827,-9,4,Mismatch
53828,-9,4,Mismatch
53829,-9,4,Mismatch
53830,-9,4,Mismatch
53831,-9,4,Mismatch
53832,-9,4,Mismatch
53833,-9,4,Mismatch
53834,-9,4,Mismatch
53835,-9,4,Mismatch
53836,-9,4,Mismatch
53837,-9,4,Mismatch
53838,-9,4,Mismatch
53839,-9,4,Mismatch
53840,-9,4,Mismatch
53841,-9,4,Mismatch
53842,-9,4,Mismatch
53843,-9,4,Mismatch
53844,-9,4,Mismatch
53845,-9,4,Mismatch
53846,-9,4,Mismatch
53847,-9,4,Mismatch
53848,-9,4,Mismatch
53849,-9,4,Mismatch
53850,-9,4,Mismatch
53851,-9,4,Mismatch
53852,-9,4,Mismatch
53853,-9,4,Mismatch
53854,-9,4,Mismatch
53855,-9,4,Mismatch
53856,-9,4,Mismatch
53857,-9,4,Mismatch
53858,-9,4,Mismatch
53859,-9,4,Mismatch
53860,-9,4,Mismatch
53861,-9,4,Mismatch
53862,-9,4,Mismatch
53863,-9,4,Mismatch
53864,-9,4,Mismatch
53865,-9,4,Mismatch
53866,-9,4,Mismatch
53867,-9,4,Mismatch
53868,-9,4,Mismatch
53869,-9,4,Mismatch
53870,-9,4,Mismatch
53871,-9,4,Mismatch
53872,-9,4,Mismatch
53873,-9,4,Mismatch
53874,-9,4,Mismatch
54267,1,4,Mismatch
54268,1,4,Mismatch
54269,1,4,Mismatch
54270,1,4,Mismatch
54271,1,4,Mismatch
54272,1,4,Mismatch
54273,1,4,Mismatch
54274,1,4,Mismatch
54275,1,4,Mismatch
54276,1,4,Mismatch
54277,1,4,Mismatch
54278,1,4,Mismatch
54279,1,4,Mismatch
54280,1,4,Mismatch
54281,1,4,Mismatch
54282,1,4,Mismatch
54283,1,4,Mismatch
54284,1,4,Mismatch
54285,1,4,Mismatch
54286,1,4,Mismatch
54300,-9,1,Missing Frame in File 1
54301,-9,1,Missing Frame in File 1
54302,-9,1,Missing Frame in File 1
54303,-9,1,Missing Frame in File 1
54304,-9,1,Missing Frame in File 1
54305,-9,1,Missing Frame in File 1
54306,-9,1,Missing Frame in File 1
54307,-9,1,Missing Frame in File 1
54308,-9,1,Missing Frame in File 1
54309,-9,1,Missing Frame in File 1
54310,-9,1,Missing Frame in File 1
54311,-9,1,Missing Frame in File 1
54312,-9,1,Missing Frame in File 1
54313,-9,1,Missing Frame in File 1
54314,-9,1,Missing Frame in File 1
54315,-9,1,Missing Frame in File 1
54316,-9,1,Missing Frame in File 1
54317,-9,1,Missing Frame in File 1
54318,-9,1,Missing Frame in File 1
54319,-9,1,Missing Frame in File 1
54320,-9,1,Missing Frame in File 1
54321,-9,1,Missing Frame in File 1
54322,-9,3,Missing Frame in File 1
54323,-9,3,Missing Frame in File 1
54324,-9,3,Missing Frame in File 1
54325,-9,3,Missing Frame in File 1
54326,-9,3,Missing Frame in File 1
54327,-9,3,Missing Frame in File 1
54328,-9,3,Missing Frame in File 1
54329,-9,3,Missing Frame in File 1
54330,-9,3,Missing Frame in File 1
54331,-9,3,Missing Frame in File 1
54332,-9,3,Missing Frame in File 1
54333,-9,3,Missing Frame in File 1
54334,-9,3,Missing Frame in File 1
54335,-9,3,Missing Frame in File 1
54336,-9,3,Missing Frame in File 1
54337,-9,3,Missing Frame in File 1
54338,-9,3,Missing Frame in File 1
54339,-9,3,Missing Frame in File 1
54340,-9,3,Missing Frame in File 1
54341,-9,3,Missing Frame in File 1
54342,-9,3,Missing Frame in File 1
54343,-9,3,Missing Frame in File 1
54344,-9,3,Missing Frame in File 1
54345,-9,3,Missing Frame in File 1
54346,-9,3,Missing Frame in File 1
54347,-9,3,Missing Frame in File 1
54348,-9,3,Missing Frame in File 1
54349,-9,3,Missing Frame in File 1
54350,-9,3,Missing Frame in File 1
54351,-9,3,Missing Frame in File 1
54352,-9,3,Missing Frame in File 1
54353,-9,3,Missing Frame in File 1
54354,-9,3,Missing Frame in File 1
54355,-9,3,Missing Frame in File 1
54356,-9,3,Missing Frame in File 1
54357,-9,-9,Missing Frame in File 1
54449,-9,-9,Missing Frame in File 1
54450,-9,4,Missing Frame in File 1
54451,-9,4,Missing Frame in File 1
54452,-9,4,Missing Frame in File 1
54453,-9,4,Missing Frame in File 1
54454,-9,4,Missing Frame in File 1
54455,-9,4,Missing Frame in File 1
54456,-9,4,Missing Frame in File 1
54457,-9,4,Missing Frame in File 1
54458,-9,4,Missing Frame in File 1
54459,-9,4,Missing Frame in File 1
54460,-9,4,Missing Frame in File 1
54461,-9,4,Missing Frame in File 1
54462,-9,4,Missing Frame in File 1
54463,-9,4,Missing Frame in File 1
54464,-9,4,Missing Frame in File 1
54465,-9,4,Missing Frame in File 1
54466,-9,4,Missing Frame in File 1
54467,-9,4,Missing Frame in File 1
54468,-9,4,Missing Frame in File 1
54469,-9,4,Missing Frame in File 1
54470,-9,4,Missing Frame in File 1
54471,-9,4,Missing Frame in File 1
54472,-9,4,Missing Frame in File 1
54473,-9,4,Missing Frame in File 1
54474,-9,4,Missing Frame in File 1
54475,-9,4,Missing Frame in File 1
54476,-9,4,Missing Frame in File 1
54477,-9,4,Missing Frame in File 1
54478,-9,4,Missing Frame in File 1
54479,-9,4,Missing Frame in File 1
54480,-9,4,Missing Frame in File 1
54481,-9,4,Missing Frame in File 1
54482,-9,4,Missing Frame in File 1
54483,-9,4,Missing Frame in File 1
54484,-9,4,Missing Frame in File 1
54485,-9,4,Missing Frame in File 1
54486,-9,4,Missing Frame in File 1
54487,-9,4,Missing Frame in File 1
54488,-9,4,Missing Frame in File 1
54489,-9,4,Missing Frame in File 1
54555,4,1,Mismatch
54556,4,1,Mismatch
54557,4,1,Mismatch
54558,4,1,Mismatch
54559,4,1,Mismatch
54576,1,-9,Mismatch
54577,1,-9,Mismatch
54578,1,-9,Mismatch
54579,1,-9,Mismatch
54580,1,-9,Mismatch
54581,1,-9,Mismatch
54582,1,-9,Mismatch
54583,1,-9,Mismatch
54584,1,-9,Mismatch
54585,1,-9,Mismatch
54586,1,-9,Mismatch
54587,1,-9,Mismatch
54588,1,-9,Mismatch
54589,1,-9,Mismatch
54590,1,-9,Mismatch
54591,1,-9,Mismatch
54592,1,-9,Mismatch
54593,4,-9,Mismatch
54594,4,-9,Mismatch
54595,4,-9,Mismatch
54596,4,-9,Mismatch
54597,4,-9,Mismatch
54598,4,-9,Mismatch
54599,4,-9,Mismatch
54600,4,-9,Mismatch
54601,4,-9,Mismatch
54602,4,-9,Mismatch
54603,4,-9,Mismatch
54604,4,-9,Mismatch
54605,4,-9,Mismatch
54606,4,-9,Mismatch
54607,4,-9,Mismatch
55158,4,-9,Mismatch
55159,4,-9,Mismatch
55160,4,-9,Mismatch
55161,4,-9,Mismatch
55162,4,-9,Mismatch
55163,4,-9,Mismatch
55164,4,-9,Mismatch
55165,4,-9,Mismatch
55166,4,-9,Mismatch
55167,4,-9,Mismatch
55168,4,-9,Mismatch
55169,4,-9,Mismatch
55170,4,-9,Mismatch
55171,4,-9,Mismatch
55172,4,-9,Mismatch
55173,4,-9,Mismatch
55174,4,-9,Mismatch
55175,4,-9,Mismatch
55176,4,-9,Mismatch
55177,4,-9,Mismatch
55178,4,-9,Mismatch
55179,4,-9,Mismatch
55180,4,-9,Mismatch
55181,4,-9,Mismatch
55182,4,-9,Mismatch
55183,4,-9,Mismatch
55184,4,-9,Mismatch
55185,4,-9,Mismatch
55186,4,-9,Mismatch
55187,4,-9,Mismatch
55188,4,-9,Mismatch
55254,4,-9,Mismatch
55255,4,-9,Mismatch
55256,4,-9,Mismatch
55257,4,-9,Mismatch
55258,4,-9,Mismatch
55259,4,-9,Mismatch
55260,4,-9,Mismatch
55261,4,-9,Mismatch
55262,4,-9,Mismatch
55263,4,-9,Mismatch
55264,4,-9,Mismatch
55265,4,-9,Mismatch
55266,4,-9,Mismatch
55267,4,-9,Mismatch
55268,4,-9,Mismatch
55269,4,-9,Mismatch
55270,4,-9,Mismatch
55271,4,-9,Mismatch
55272,4,-9,Mismatch
55273,4,-9,Mismatch
55274,4,-9,Mismatch
55275,4,-9,Mismatch
55276,4,-9,Mismatch
55277,4,-9,Mismatch
55278,4,-9,Mismatch
55279,4,-9,Mismatch
55280,4,-9,Mismatch
55281,4,-9,Mismatch
55282,4,-9,Mismatch
55283,4,-9,Mismatch
55284,4,-9,Mismatch
55285,4,-9,Mismatch
55286,4,-9,Mismatch
55287,4,-9,Mismatch
55288,4,-9,Mismatch
55289,4,-9,Mismatch
55290,4,-9,Mismatch
55291,4,-9,Mismatch
55292,4,-9,Mismatch
55293,4,-9,Mismatch
55294,4,-9,Mismatch
55295,4,-9,Mismatch
55296,4,-9,Mismatch
55297,4,-9,Mismatch
55298,4,-9,Mismatch
55299,4,-9,Mismatch
55300,4,-9,Mismatch
55301,4,-9,Mismatch
55302,4,-9,Mismatch
55303,4,-9,Mismatch
55304,4,-9,Mismatch
55305,4,-9,Mismatch
55306,4,-9,Mismatch
55307,4,-9,Mismatch
55308,4,-9,Mismatch
55309,4,-9,Mismatch
55310,4,-9,Mismatch
55311,4,-9,Mismatch
55312,4,-9,Mismatch
55313,4,-9,Mismatch
55314,4,-9,Mismatch
55315,4,-9,Mismatch
55316,4,-9,Mismatch
55317,4,-9,Mismatch
55318,4,-9,Mismatch
55319,4,-9,Mismatch
55320,4,-9,Mismatch
55321,4,-9,Mismatch
55322,4,-9,Mismatch
55346,-9,4,Missing Frame in File 1
55347,-9,4,Missing Frame in File 1
55348,-9,4,Missing Frame in File 1
55349,-9,4,Missing Frame in File 1
55472,-9,-9,Missing Frame in File 1
55473,-9,4,Missing Frame in File 1
55474,-9,4,Missing Frame in File 1
55475,-9,4,Missing Frame in File 1
55476,-9,4,Missing Frame in File 1
55477,-9,4,Missing Frame in File 1
55478,-9,4,Missing Frame in File 1
55479,-9,4,Missing Frame in File 1
55480,-9,4,Missing Frame in File 1
55481,-9,4,Missing Frame in File 1
55482,-9,4,Missing Frame in File 1
55483,-9,4,Missing Frame in File 1
55484,-9,4,Missing Frame in File 1
55485,-9,4,Missing Frame in File 1
55486,-9,4,Missing Frame in File 1
55487,-9,4,Missing Frame in File 1
55488,-9,4,Missing Frame in File 1
55724,4,0,Mismatch
55725,4,0,Mismatch
55726,4,0,Mismatch
55727,4,0,Mismatch
55728,4,0,Mismatch
55729,4,0,Mismatch
55730,4,0,Mismatch
55731,4,0,Mismatch
55732,4,0,Mismatch
55733,4,0,Mismatch
55734,4,0,Mismatch
55735,4,0,Mismatch
55736,4,0,Mismatch
55737,4,0,Mismatch
55738,4,0,Mismatch
55739,4,0,Mismatch
55740,4,0,Mismatch
55741,4,0,Mismatch
55742,4,0,Mismatch
55743,4,0,Mismatch
55744,4,0,Mismatch
55745,4,0,Mismatch
55746,4,0,Mismatch
55747,4,0,Mismatch
55748,4,0,Mismatch
55749,4,0,Mismatch
55750,4,0,Mismatch
55751,4,0,Mismatch
55752,4,0,Mismatch
55753,4,0,Mismatch
55754,4,0,Mismatch
55755,4,0,Mismatch
55756,4,0,Mismatch
55812,4,2,Mismatch
55813,4,2,Mismatch
55814,4,2,Mismatch
55815,4,2,Mismatch
55816,4,2,Mismatch
55817,4,2,Mismatch
55818,4,2,Mismatch
55819,4,2,Mismatch
55820,4,2,Mismatch
55833,2,4,Mismatch
55834,2,4,Mismatch
55835,2,4,Mismatch
55836,2,4,Mismatch
55837,2,4,Mismatch
55838,2,4,Mismatch
55839,2,4,Mismatch
55840,2,4,Mismatch
55841,2,4,Mismatch
55893,4,0,Mismatch
55894,4,0,Mismatch
55895,4,0,Mismatch
55896,4,0,Mismatch
55897,4,0,Mismatch
55898,4,0,Mismatch
55899,4,0,Mismatch
55900,4,0,Mismatch
55901,4,0,Mismatch
55902,4,0,Mismatch
55903,4,0,Mismatch
55904,4,0,Mismatch
55905,4,0,Mismatch
55906,4,0,Mismatch
55907,4,0,Mismatch
55908,2,0,Mismatch
55909,2,0,Mismatch
55910,2,0,Mismatch
55911,2,0,Mismatch
55912,2,0,Mismatch
55913,2,0,Mismatch
55914,2,0,Mismatch
55915,2,0,Mismatch
55916,2,0,Mismatch
55917,2,0,Mismatch
55918,2,0,Mismatch
55919,2,0,Mismatch
55920,2,0,Mismatch
55921,2,0,Mismatch
55922,2,0,Mismatch
55923,2,0,Mismatch
55924,2,0,Mismatch
55925,2,0,Mismatch
55926,2,0,Mismatch
55927,2,0,Mismatch
55928,2,0,Mismatch
55929,2,0,Mismatch
55930,2,0,Mismatch
55931,2,0,Mismatch
55932,2,0,Mismatch
55933,2,0,Mismatch
55934,2,0,Mismatch
55935,2,0,Mismatch
55955,0,4,Mismatch
55956,0,4,Mismatch
55957,0,4,Mismatch
55958,0,4,Mismatch
55959,0,4,Mismatch
55960,0,4,Mismatch
55961,0,4,Mismatch
55962,0,4,Mismatch
55963,0,4,Mismatch
55964,0,4,Mismatch
55965,0,4,Mismatch
55966,0,4,Mismatch
55967,0,4,Mismatch
55968,0,4,Mismatch
55969,0,4,Mismatch
55970,0,4,Mismatch
55971,0,4,Mismatch
55972,0,4,Mismatch
55973,0,4,Mismatch
55974,0,4,Mismatch
55975,0,4,Mismatch
55976,0,4,Mismatch
55977,0,4,Mismatch
55978,0,4,Mismatch
55979,0,4,Mismatch
55980,0,4,Mismatch
55981,0,4,Mismatch
55982,0,4,Mismatch
55983,0,4,Mismatch
56333,4,-9,Mismatch
56334,4,-9,Missing Frame in File 2
56335,4,-9,Missing Frame in File 2
56336,4,-9,Missing Frame in File 2
56337,4,-9,Missing Frame in File 2
56338,4,-9,Missing Frame in File 2
56339,4,-9,Missing Frame in File 2
56340,4,-9,Missing Frame in File 2
56341,4,-9,Missing Frame in File 2
56342,4,-9,Missing Frame in File 2
56343,4,-9,Missing Frame in File 2
56344,-9,-9,Missing Frame in File 2
56436,-9,-9,Missing Frame in File 1
56437,-9,4,Missing Frame in File 1
56438,-9,4,Missing Frame in File 1
56439,-9,4,Missing Frame in File 1
56440,-9,4,Missing Frame in File 1
56441,-9,4,Missing Frame in File 1
56442,-9,4,Missing Frame in File 1
56443,-9,4,Missing Frame in File 1
56444,-9,4,Missing Frame in File 1
56445,-9,4,Missing Frame in File 1
56446,-9,4,Missing Frame in File 1
56447,-9,4,Missing Frame in File 1
56448,-9,4,Missing Frame in File 1
56449,-9,4,Missing Frame in File 1
56905,-9,4,Missing Frame in File 1
56906,-9,4,Missing Frame in File 1
56907,-9,4,Missing Frame in File 1
56908,-9,4,Missing Frame in File 1
56909,-9,4,Missing Frame in File 1
56910,-9,4,Missing Frame in File 1
56911,-9,4,Missing Frame in File 1
57294,-9,4,Missing Frame in File 1
57459,4,-9,Mismatch
57460,4,-9,Mismatch
57461,4,-9,Mismatch
57462,4,-9,Mismatch
57463,4,-9,Mismatch
57464,4,-9,Mismatch
57465,4,-9,Mismatch
57466,4,-9,Mismatch
57467,4,-9,Mismatch
57468,4,-9,Mismatch
57469,4,-9,Mismatch
57470,4,-9,Mismatch
57471,4,-9,Mismatch
57472,4,-9,Mismatch
57473,4,-9,Mismatch
57474,4,-9,Mismatch
57475,4,-9,Mismatch
57476,4,-9,Mismatch
57477,4,-9,Mismatch
57478,4,-9,Mismatch
57479,4,-9,Mismatch
57480,4,-9,Mismatch
57481,4,-9,Mismatch
57482,4,-9,Mismatch
57483,4,-9,Mismatch
57484,4,-9,Mismatch
57485,4,-9,Mismatch
57486,4,-9,Mismatch
57487,4,-9,Mismatch
57488,4,-9,Mismatch
57489,4,-9,Mismatch
57490,4,-9,Mismatch
57491,4,-9,Mismatch
57492,4,-9,Mismatch
57493,4,-9,Mismatch
57494,4,-9,Mismatch
57495,4,-9,Mismatch
57496,4,-9,Mismatch
57497,4,-9,Mismatch
57498,4,-9,Mismatch
57499,4,-9,Mismatch
57500,4,-9,Mismatch
57501,4,-9,Mismatch
57502,4,-9,Mismatch
57503,4,-9,Mismatch
57504,4,-9,Mismatch
57505,4,-9,Mismatch
57506,4,-9,Mismatch
57507,4,-9,Mismatch
57508,4,-9,Mismatch
57509,4,-9,Mismatch
57510,4,-9,Mismatch
57511,4,-9,Mismatch
57512,4,-9,Mismatch
57513,4,-9,Mismatch
57514,4,-9,Mismatch
57515,4,-9,Mismatch
57516,4,-9,Mismatch
57517,4,-9,Mismatch
57518,4,-9,Mismatch
57519,4,-9,Mismatch
57520,4,-9,Mismatch
57521,4,-9,Mismatch
57522,4,-9,Mismatch
57757,-9,4,Mismatch
57758,-9,4,Mismatch
57759,-9,4,Mismatch
57760,-9,4,Mismatch
57761,-9,4,Mismatch
57762,-9,4,Mismatch
57763,-9,4,Mismatch
57764,-9,4,Mismatch
57765,-9,4,Mismatch
57766,-9,4,Mismatch
57767,-9,4,Mismatch
57768,-9,4,Mismatch
57769,-9,4,Mismatch
57770,-9,4,Mismatch
57771,-9,4,Mismatch
57772,-9,4,Mismatch
57773,-9,4,Mismatch
57774,-9,4,Mismatch
57775,-9,4,Mismatch
57776,-9,4,Mismatch
57777,-9,4,Mismatch
57778,-9,4,Mismatch
57779,-9,4,Mismatch
57780,-9,4,Mismatch
57781,-9,4,Mismatch
57782,-9,4,Mismatch
57783,-9,4,Mismatch
57948,-9,4,Mismatch
57949,-9,4,Mismatch
57950,-9,4,Mismatch
57951,-9,4,Mismatch
57952,-9,4,Mismatch
57953,-9,4,Mismatch
57954,-9,4,Mismatch
57955,-9,4,Mismatch
57956,-9,4,Mismatch
57957,-9,4,Mismatch
57958,-9,4,Mismatch
57959,-9,4,Mismatch
57960,-9,4,Mismatch
57961,-9,4,Mismatch
57962,-9,4,Mismatch
57983,4,2,Mismatch
57984,4,2,Mismatch
57985,4,2,Mismatch
57986,4,2,Mismatch
57987,4,2,Mismatch
57988,4,2,Mismatch
58009,2,0,Mismatch
58010,2,0,Mismatch
58011,2,0,Mismatch
58012,2,0,Mismatch
58013,2,0,Mismatch
58014,2,0,Mismatch
58015,2,0,Mismatch
58016,2,0,Mismatch
58017,2,0,Mismatch
58049,0,4,Mismatch
58050,0,4,Mismatch
58051,0,4,Mismatch
58052,0,4,Mismatch
58053,0,4,Mismatch
58054,0,4,Mismatch
58055,0,4,Mismatch
58056,0,4,Mismatch
58057,0,4,Mismatch
58058,0,4,Mismatch
58059,0,4,Mismatch
58060,0,4,Mismatch
58061,0,4,Mismatch
58062,0,4,Mismatch
58063,0,4,Mismatch
58064,0,4,Mismatch
58065,0,4,Mismatch
58066,0,4,Mismatch
58067,0,4,Mismatch
58068,0,4,Mismatch
58311,-9,4,Mismatch
59993,-9,-9,Missing Frame in File 1
59994,-9,-9,Missing Frame in File 1
59995,-9,-9,Missing Frame in File 1
59996,-9,-9,Missing Frame in File 1
59997,-9,-9,Missing Frame in File 1
59998,-9,-9,Missing Frame in File 1
59999,-9,-9,Missing Frame in File 1
60000,-9,-9,Missing Frame in File 1
60001,-9,-9,Missing Frame in File 1
60002,-9,-9,Missing Frame in File 1
60003,-9,-9,Missing Frame in File 1
60004,-9,-9,Missing Frame in File 1
60005,-9,-9,Missing Frame in File 1
60006,-9,-9,Missing Frame in File 1
60007,-9,-9,Missing Frame in File 1
60008,-9,-9,Missing Frame in File 1
60009,-9,-9,Missing Frame in File 1
60010,-9,-9,Missing Frame in File 1
60011,-9,-9,Missing Frame in File 1
60012,-9,-9,Missing Frame in File 1
60013,-9,-9,Missing Frame in File 1
60014,-9,-9,Missing Frame in File 1
60015,-9,-9,Missing Frame in File 1
60016,-9,-9,Missing Frame in File 1
60017,-9,-9,Missing Frame in File 1
60018,-9,-9,Missing Frame in File 1
60019,-9,-9,Missing Frame in File 1
60020,-9,-9,Missing Frame in File 1
60021,-9,-9,Missing Frame in File 1
60022,-9,-9,Missing Frame in File 1
60289,-9,-9,Missing Frame in File 1
145971,-9,4,Mismatch
145972,-9,4,Mismatch
145973,-9,4,Mismatch
145974,-9,4,Mismatch
145975,-9,4,Mismatch
145976,-9,4,Mismatch
145977,-9,4,Mismatch
145978,-9,4,Mismatch
145979,-9,4,Mismatch
145980,-9,4,Mismatch
145981,-9,4,Mismatch
145982,-9,4,Mismatch
145983,-9,4,Mismatch
145984,-9,4,Mismatch
145985,-9,4,Mismatch
145986,-9,4,Mismatch
145987,-9,4,Mismatch
145988,-9,4,Mismatch
145989,-9,4,Mismatch
145990,-9,4,Mismatch
145991,-9,4,Mismatch
145992,-9,4,Mismatch
145993,-9,4,Mismatch
145994,-9,4,Mismatch
145995,-9,4,Mismatch
145996,-9,4,Mismatch
145997,-9,4,Mismatch
145998,-9,4,Mismatch
145999,-9,4,Mismatch
146000,-9,4,Mismatch
146001,-9,4,Mismatch
146002,-9,4,Mismatch
146003,-9,4,Mismatch
146004,-9,4,Mismatch
146005,-9,4,Mismatch
146006,-9,4,Mismatch
146007,-9,4,Mismatch
146008,-9,4,Mismatch
146009,-9,4,Mismatch
146010,-9,4,Mismatch
146011,-9,4,Mismatch
146012,-9,4,Mismatch
146013,-9,4,Mismatch
146014,-9,4,Mismatch
146015,-9,4,Mismatch
146016,-9,4,Mismatch
146017,-9,4,Mismatch
146018,-9,4,Mismatch
146019,-9,4,Mismatch
146020,-9,4,Mismatch
146021,-9,4,Mismatch
146022,-9,4,Mismatch
146023,-9,4,Mismatch
146024,-9,4,Mismatch
146025,-9,4,Mismatch
146026,-9,4,Mismatch
146027,-9,4,Mismatch
146028,-9,4,Mismatch
146029,-9,4,Mismatch
146030,-9,4,Mismatch
146031,-9,4,Mismatch
146032,-9,4,Mismatch
146033,-9,4,Mismatch
146034,-9,4,Mismatch
146035,-9,4,Mismatch
146036,-9,4,Mismatch
146037,-9,4,Mismatch
146038,-9,4,Mismatch
146039,-9,4,Mismatch
146040,-9,4,Mismatch
146041,-9,4,Mismatch
146042,-9,4,Mismatch
146043,-9,4,Mismatch
146044,-9,4,Mismatch
146045,-9,4,Mismatch
146046,-9,4,Mismatch
146047,-9,4,Mismatch
146048,-9,4,Mismatch
146049,-9,4,Mismatch
146050,-9,4,Mismatch
146051,-9,4,Mismatch
146052,-9,4,Mismatch
146053,-9,4,Mismatch
146054,-9,4,Mismatch
146055,-9,4,Mismatch
146056,-9,4,Mismatch
146057,-9,4,Mismatch
146058,-9,4,Mismatch
146059,-9,4,Mismatch
146060,-9,4,Mismatch
146061,-9,4,Mismatch
146062,-9,4,Mismatch
146063,-9,4,Mismatch
146064,-9,4,Mismatch
146065,-9,4,Mismatch
146066,-9,4,Mismatch
146067,-9,4,Mismatch
146068,-9,4,Mismatch
146069,-9,4,Mismatch
146070,-9,4,Mismatch
146071,-9,4,Mismatch
146072,-9,4,Mismatch
146073,-9,4,Mismatch
146074,-9,4,Mismatch
146075,-9,4,Mismatch
146076,-9,4,Mismatch
146077,-9,4,Mismatch
146078,-9,4,Mismatch
146079,-9,4,Mismatch
146080,-9,4,Mismatch
146081,-9,4,Mismatch
146082,-9,4,Mismatch
146083,-9,4,Mismatch
146084,-9,4,Mismatch
146085,-9,4,Mismatch
146086,-9,4,Mismatch
146087,-9,4,Mismatch
146088,-9,4,Mismatch
146089,-9,4,Mismatch
146090,-9,4,Mismatch
146091,-9,4,Mismatch
146092,-9,4,Mismatch
146093,-9,4,Mismatch
146094,-9,4,Mismatch
146095,-9,4,Mismatch
146096,-9,4,Mismatch
146097,-9,4,Mismatch
146098,-9,4,Mismatch
146099,-9,4,Mismatch
146100,-9,4,Mismatch
146101,-9,4,Mismatch
146102,-9,4,Mismatch
146103,-9,4,Mismatch
146104,-9,4,Mismatch
146105,-9,4,Mismatch
146106,-9,4,Mismatch
146107,-9,4,Mismatch
146108,-9,4,Mismatch
146109,-9,4,Mismatch
146110,-9,4,Mismatch
146111,-9,4,Mismatch
146112,-9,4,Mismatch
146113,-9,4,Mismatch
146114,-9,4,Mismatch
146115,-9,4,Mismatch
146116,-9,4,Mismatch
146117,-9,4,Mismatch
146118,-9,4,Mismatch
146119,-9,4,Mismatch
146120,-9,4,Mismatch
146121,-9,4,Mismatch
146122,-9,4,Mismatch
146123,-9,4,Mismatch
146124,-9,4,Mismatch
146125,-9,4,Mismatch
146126,-9,4,Mismatch
146127,-9,4,Mismatch
146128,-9,4,Mismatch
146129,-9,4,Mismatch
146130,-9,4,Mismatch
146131,-9,4,Mismatch
146132,-9,4,Mismatch
146133,-9,4,Mismatch
146134,-9,4,Mismatch
146135,-9,4,Mismatch
146136,-9,4,Mismatch
146137,-9,4,Mismatch
146138,-9,4,Mismatch
146139,-9,4,Mismatch
146140,-9,4,Mismatch
146141,-9,4,Mismatch
146142,-9,4,Mismatch
146143,-9,4,Mismatch
146144,-9,4,Mismatch
146145,-9,4,Mismatch
146146,-9,4,Mismatch
146147,-9,4,Mismatch
146148,-9,4,Mismatch
146149,-9,4,Mismatch
146150,-9,4,Mismatch
146151,-9,4,Mismatch
146152,-9,4,Mismatch
146153,-9,4,Mismatch
146154,-9,4,Mismatch
146155,-9,4,Mismatch
146156,-9,4,Mismatch
146157,-9,4,Mismatch
146158,-9,4,Mismatch
146159,-9,4,Mismatch
146160,-9,4,Mismatch
146161,-9,4,Mismatch
146162,-9,4,Mismatch
146163,-9,4,Mismatch
146164,-9,4,Mismatch
146165,-9,4,Mismatch
146166,-9,4,Mismatch
146167,-9,4,Mismatch
146168,-9,4,Mismatch
146169,-9,4,Mismatch
146170,-9,4,Mismatch
146171,-9,4,Mismatch
146172,-9,4,Mismatch
146173,-9,4,Mismatch
146174,-9,4,Mismatch
146175,-9,4,Mismatch
146176,-9,4,Mismatch
146177,-9,4,Mismatch
146178,-9,4,Mismatch
146179,-9,4,Mismatch
146180,-9,4,Mismatch
146181,-9,4,Mismatch
146182,-9,4,Mismatch
146183,-9,4,Mismatch
146184,-9,4,Mismatch
146185,-9,4,Mismatch
146186,-9,4,Mismatch
146187,-9,4,Mismatch
146188,-9,4,Mismatch
146189,-9,4,Mismatch
146190,-9,4,Mismatch
146191,-9,4,Mismatch
146192,-9,4,Mismatch
146193,-9,4,Mismatch
146194,-9,4,Mismatch
146195,-9,4,Mismatch
146196,-9,4,Mismatch
146197,-9,4,Mismatch
146198,-9,4,Mismatch
146199,-9,4,Mismatch
146200,-9,4,Mismatch
146201,-9,4,Mismatch
146202,-9,4,Mismatch
146203,-9,4,Mismatch
146204,-9,4,Mismatch
146205,-9,4,Mismatch
146206,-9,4,Mismatch
146207,-9,4,Mismatch
146208,-9,4,Mismatch
146209,-9,4,Mismatch
146210,-9,4,Mismatch
146211,-9,4,Mismatch
146212,-9,4,Mismatch
146213,-9,4,Mismatch
147405,-9,-9,Missing Frame in File 1
147406,-9,-9,Missing Frame in File 1
147407,-9,-9,Missing Frame in File 1
147408,-9,-9,Missing Frame in File 1
147409,-9,-9,Missing Frame in File 1
147410,-9,-9,Missing Frame in File 1
147411,-9,-9,Missing Frame in File 1
147412,-9,-9,Missing Frame in File 1
147413,-9,-9,Missing Frame in File 1
147414,-9,-9,Missing Frame in File 1
147415,-9,-9,Missing Frame in File 1
147416,-9,-9,Missing Frame in File 1
147417,-9,-9,Missing Frame in File 1
147418,-9,-9,Missing Frame in File 1
147419,-9,-9,Missing Frame in File 1
147420,-9,-9,Missing Frame in File 1
147421,-9,-9,Missing Frame in File 1
147422,-9,-9,Missing Frame in File 1
147423,-9,-9,Missing Frame in File 1
147424,-9,-9,Missing Frame in File 1
147425,-9,-9,Missing Frame in File 1
147426,-9,-9,Missing Frame in File 1
147427,-9,-9,Missing Frame in File 1
147428,-9,-9,Missing Frame in File 1
147429,-9,-9,Missing Frame in File 1
147430,-9,-9,Missing Frame in File 1
147431,-9,-9,Missing Frame in File 1
147432,-9,-9,Missing Frame in File 1
147433,-9,-9,Missing Frame in File 1
147434,-9,-9,Missing Frame in File 1
147435,-9,-9,Missing Frame in File 1
147436,-9,-9,Missing Frame in File 1
147437,-9,-9,Missing Frame in File 1
147438,-9,-9,Missing Frame in File 1
147439,-9,-9,Missing Frame in File 1
147440,-9,-9,Missing Frame in File 1
147441,-9,-9,Missing Frame in File 1
147442,-9,-9,Missing Frame in File 1
147443,-9,-9,Missing Frame in File 1
147444,-9,-9,Missing Frame in File 1
147445,-9,-9,Missing Frame in File 1
147446,-9,-9,Missing Frame in File 1
147447,-9,-9,Missing Frame in File 1
147448,-9,-9,Missing Frame in File 1
147449,-9,-9,Missing Frame in File 1
147450,-9,-9,Missing Frame in File 1
147451,-9,4,Missing Frame in File 1
147452,-9,4,Missing Frame in File 1
147453,-9,4,Missing Frame in File 1
147454,-9,4,Missing Frame in File 1
147455,-9,4,Missing Frame in File 1
147456,-9,4,Missing Frame in File 1
147457,-9,4,Missing Frame in File 1
147458,-9,4,Missing Frame in File 1
147459,-9,4,Missing Frame in File 1
147460,-9,4,Missing Frame in File 1
147461,-9,4,Missing Frame in File 1
147462,-9,4,Missing Frame in File 1
147463,-9,4,Missing Frame in File 1
147464,-9,4,Missing Frame in File 1
147465,-9,4,Missing Frame in File 1
147466,-9,4,Missing Frame in File 1
147467,-9,4,Missing Frame in File 1
147468,-9,4,Missing Frame in File 1
147469,-9,4,Missing Frame in File 1
147470,-9,4,Missing Frame in File 1
147471,-9,4,Missing Frame in File 1
147472,-9,4,Missing Frame in File 1
147473,-9,4,Missing Frame in File 1
147474,-9,4,Missing Frame in File 1
147475,-9,4,Missing Frame in File 1
147476,-9,4,Missing Frame in File 1
147477,-9,4,Missing Frame in File 1
147478,-9,4,Missing Frame in File 1
147479,-9,4,Missing Frame in File 1
147480,-9,4,Missing Frame in File 1
147481,-9,4,Missing Frame in File 1
147482,-9,4,Missing Frame in File 1
147483,-9,4,Missing Frame in File 1
147484,-9,4,Missing Frame in File 1
147485,-9,4,Missing Frame in File 1
147486,-9,4,Missing Frame in File 1
147487,-9,4,Missing Frame in File 1
147488,-9,4,Missing Frame in File 1
147489,-9,4,Missing Frame in File 1
147490,-9,4,Missing Frame in File 1
147491,-9,4,Missing Frame in File 1
147492,-9,4,Missing Frame in File 1
147493,-9,4,Missing Frame in File 1
147494,-9,4,Missing Frame in File 1
147495,-9,4,Missing Frame in File 1
147496,-9,4,Missing Frame in File 1
147497,-9,4,Missing Frame in File 1
147498,-9,4,Missing Frame in File 1
147499,-9,4,Missing Frame in File 1
147500,-9,4,Missing Frame in File 1
147501,-9,4,Missing Frame in File 1
147502,-9,4,Missing Frame in File 1
147503,-9,4,Missing Frame in File 1
147504,-9,4,Missing Frame in File 1
147505,-9,4,Missing Frame in File 1
147506,-9,4,Missing Frame in File 1
147507,-9,4,Missing Frame in File 1
147508,-9,4,Missing Frame in File 1
147509,-9,4,Missing Frame in File 1
151047,4,-9,Mismatch
151101,4,3,Mismatch
151102,4,3,Mismatch
151103,4,3,Mismatch
151143,1,3,Mismatch
151189,1,4,Mismatch
151190,1,4,Mismatch
151191,1,4,Mismatch
151192,1,4,Mismatch
151193,1,4,Mismatch
151194,1,4,Mismatch
151195,1,4,Mismatch
151196,1,4,Mismatch
151197,1,4,Mismatch
151198,1,4,Mismatch
151199,1,4,Mismatch
151200,1,4,Mismatch
151201,1,4,Mismatch
151202,1,4,Mismatch
151203,1,4,Mismatch
151204,1,4,Mismatch
151205,1,4,Mismatch
151206,1,4,Mismatch
151207,1,4,Mismatch
151208,1,4,Mismatch
151209,1,4,Mismatch
151210,1,4,Mismatch
151211,1,4,Mismatch
151212,1,4,Mismatch
151213,1,4,Mismatch
151373,4,1,Mismatch
151414,2,4,Mismatch
151415,2,4,Mismatch
151416,2,4,Mismatch
151417,2,4,Mismatch
151418,2,4,Mismatch
151419,2,4,Mismatch
151420,2,4,Mismatch
151421,2,4,Mismatch
151422,2,4,Mismatch
151423,2,4,Mismatch
151424,2,4,Mismatch
151425,2,4,Mismatch
151426,2,4,Mismatch
151427,2,4,Mismatch
151428,2,4,Mismatch
151429,2,4,Mismatch
151430,2,4,Mismatch
151431,2,4,Mismatch
151432,2,4,Mismatch
151433,2,4,Mismatch
151434,2,4,Mismatch
151435,2,0,Mismatch
151436,2,0,Mismatch
151437,2,0,Mismatch
151438,2,0,Mismatch
151439,2,0,Mismatch
151440,2,0,Mismatch
151441,2,0,Mismatch
151442,2,0,Mismatch
151443,2,0,Mismatch
151444,2,0,Mismatch
151445,2,0,Mismatch
151446,2,0,Mismatch
151447,2,0,Mismatch
151448,2,0,Mismatch
151449,2,0,Mismatch
151450,2,0,Mismatch
151451,2,0,Mismatch
151452,2,0,Mismatch
151453,2,0,Mismatch
151454,2,0,Mismatch
151455,2,0,Mismatch
151456,2,0,Mismatch
151457,2,0,Mismatch
151458,2,0,Mismatch
151498,2,0,Mismatch
151499,2,0,Mismatch
151500,2,0,Mismatch
151501,2,0,Mismatch
151502,2,0,Mismatch
151503,2,0,Mismatch
152992,-9,4,Mismatch
153037,3,4,Mismatch
153038,3,4,Mismatch
153071,1,3,Mismatch
153072,1,3,Mismatch
153073,1,3,Mismatch
153074,1,3,Mismatch
153075,1,3,Mismatch
153076,1,3,Mismatch
153077,1,3,Mismatch
153078,1,3,Mismatch
153079,1,3,Mismatch
153080,1,3,Mismatch
153081,1,3,Mismatch
153082,1,3,Mismatch
153083,1,3,Mismatch
153084,1,3,Mismatch
153085,1,3,Mismatch
153301,-9,4,Mismatch
153343,4,3,Mismatch
153344,4,3,Mismatch
153345,4,3,Mismatch
153346,4,3,Mismatch
153347,4,3,Mismatch
153348,4,3,Mismatch
153349,4,3,Mismatch
153350,4,3,Mismatch
153351,4,3,Mismatch
153352,4,3,Mismatch
153353,4,3,Mismatch
153354,4,3,Mismatch
153355,4,3,Mismatch
153356,4,3,Mismatch
153357,4,3,Mismatch
153358,4,3,Mismatch
153359,4,3,Mismatch
153387,3,4,Mismatch
153388,3,4,Mismatch
153389,3,4,Mismatch
153390,3,4,Mismatch
153961,-9,-9,Missing Frame in File 1
153962,-9,4,Missing Frame in File 1
153963,-9,4,Missing Frame in File 1
153964,-9,4,Missing Frame in File 1
153965,-9,4,Missing Frame in File 1
153966,-9,4,Missing Frame in File 1
153967,-9,4,Missing Frame in File 1
153968,-9,4,Missing Frame in File 1
153969,-9,4,Missing Frame in File 1
153970,-9,4,Missing Frame in File 1
153971,-9,4,Missing Frame in File 1
153972,-9,4,Missing Frame in File 1
153973,-9,4,Missing Frame in File 1
153974,-9,4,Missing Frame in File 1
153975,-9,4,Missing Frame in File 1
153976,-9,4,Missing Frame in File 1
153977,-9,4,Missing Frame in File 1
153978,-9,4,Missing Frame in File 1
153979,-9,4,Missing Frame in File 1
154174,-9,4,Missing Frame in File 1
154175,-9,4,Missing Frame in File 1
154176,-9,4,Missing Frame in File 1
154177,-9,4,Missing Frame in File 1
154178,-9,4,Missing Frame in File 1
154179,-9,4,Missing Frame in File 1
154180,-9,4,Missing Frame in File 1
154181,-9,4,Missing Frame in File 1
154182,-9,4,Missing Frame in File 1
154183,-9,4,Missing Frame in File 1
154184,-9,4,Missing Frame in File 1
154185,-9,4,Missing Frame in File 1
154186,-9,4,Missing Frame in File 1
154187,-9,4,Missing Frame in File 1
154188,-9,4,Missing Frame in File 1
154189,-9,4,Missing Frame in File 1
154190,-9,4,Missing Frame in File 1
154191,-9,4,Missing Frame in File 1
154192,-9,4,Missing Frame in File 1
154193,-9,4,Missing Frame in File 1
154194,-9,4,Missing Frame in File 1
154195,-9,4,Missing Frame in File 1
154196,-9,4,Missing Frame in File 1
154197,-9,4,Missing Frame in File 1
154198,-9,4,Missing Frame in File 1
154199,-9,4,Missing Frame in File 1
154200,-9,4,Missing Frame in File 1
154201,-9,4,Missing Frame in File 1
154202,-9,4,Missing Frame in File 1
154203,-9,4,Missing Frame in File 1
154204,-9,4,Missing Frame in File 1
154205,-9,4,Missing Frame in File 1
154206,-9,4,Missing Frame in File 1
154207,-9,4,Missing Frame in File 1
154208,-9,4,Missing Frame in File 1
154209,-9,4,Missing Frame in File 1
154210,-9,4,Missing Frame in File 1
154211,-9,4,Missing Frame in File 1
154212,-9,4,Missing Frame in File 1
154213,-9,4,Missing Frame in File 1
154214,-9,4,Missing Frame in File 1
154215,-9,4,Missing Frame in File 1
154216,-9,4,Missing Frame in File 1
154217,-9,4,Missing Frame in File 1
154218,-9,4,Missing Frame in File 1
158490,-9,-9,Missing Frame in File 1
158565,4,3,Mismatch
158566,4,3,Mismatch
158567,4,3,Mismatch
158568,4,3,Mismatch
158569,4,3,Mismatch
158570,4,3,Mismatch
158571,4,3,Mismatch
158572,4,3,Mismatch
158573,4,3,Mismatch
158574,4,3,Mismatch
158575,4,3,Mismatch
158576,4,3,Mismatch
158577,4,3,Mismatch
158578,4,3,Mismatch
158579,4,3,Mismatch
158580,4,3,Mismatch
158581,4,3,Mismatch
158582,4,3,Mismatch
158583,4,3,Mismatch
158584,4,3,Mismatch
158585,4,3,Mismatch
158586,4,3,Mismatch
158587,4,3,Mismatch
158588,4,3,Mismatch
158589,4,3,Mismatch
158590,4,3,Mismatch
158606,3,4,Mismatch
158607,3,4,Mismatch
158608,3,4,Mismatch
158609,3,4,Mismatch
158610,3,4,Mismatch
158611,3,4,Mismatch
158612,3,4,Mismatch
158613,3,4,Mismatch
158614,3,4,Mismatch
158615,3,4,Mismatch
158616,3,4,Mismatch
158617,3,4,Mismatch
158618,3,4,Mismatch
158619,3,4,Mismatch
158620,3,4,Mismatch
158621,3,4,Mismatch
158622,3,4,Mismatch
158623,3,4,Mismatch
158624,3,4,Mismatch
158625,3,4,Mismatch
158626,3,4,Mismatch
158627,3,4,Mismatch
158628,3,4,Mismatch
158629,3,4,Mismatch
158630,3,4,Mismatch
158631,3,4,Mismatch
158928,-9,3,Missing Frame in File 1
158929,-9,3,Missing Frame in File 1
158950,3,1,Mismatch
158951,3,1,Mismatch
158952,3,1,Mismatch
158995,1,4,Mismatch
158996,1,4,Mismatch
158997,1,4,Mismatch
159127,4,-9,Mismatch
162561,4,2,Mismatch
162562,4,2,Mismatch
162563,4,2,Mismatch
162564,4,2,Mismatch
162565,4,2,Mismatch
162566,4,2,Mismatch
162567,4,2,Mismatch
162568,4,2,Mismatch
162569,4,2,Mismatch
162570,4,2,Mismatch
162728,2,4,Mismatch
162729,2,4,Mismatch
162730,2,4,Mismatch
162731,2,4,Mismatch
162732,2,4,Mismatch
162733,2,4,Mismatch
162734,2,4,Mismatch
162735,2,4,Mismatch
162736,2,4,Mismatch
162783,2,3,Mismatch
162784,2,3,Mismatch
162785,2,3,Mismatch
162786,2,3,Mismatch
162787,2,3,Mismatch
162788,2,3,Mismatch
162789,2,3,Mismatch
162790,2,3,Mismatch
162791,2,3,Mismatch
162792,2,3,Mismatch
162823,3,4,Mismatch
162824,3,4,Mismatch
162861,4,-9,Missing Frame in File 2
163074,-9,4,Mismatch
163075,-9,4,Mismatch
163076,-9,4,Mismatch
163077,-9,4,Mismatch
163078,-9,4,Mismatch
163079,-9,4,Mismatch
163080,-9,4,Mismatch
163081,-9,4,Mismatch
163082,-9,4,Mismatch
163083,-9,4,Mismatch
163084,-9,4,Mismatch
163085,-9,4,Mismatch
163086,-9,4,Mismatch
163087,-9,4,Mismatch
163088,-9,4,Mismatch
163089,-9,4,Mismatch
163090,-9,4,Mismatch
163091,-9,4,Mismatch
163092,-9,4,Mismatch
163093,-9,4,Mismatch
163094,-9,4,Mismatch
163095,-9,4,Mismatch
163096,-9,4,Mismatch
163097,-9,4,Mismatch
163098,-9,4,Mismatch
163099,-9,4,Mismatch
163100,-9,4,Mismatch
163101,-9,4,Mismatch
163102,-9,4,Mismatch
163103,-9,4,Mismatch
163104,-9,4,Mismatch
163105,-9,4,Mismatch
163106,-9,4,Mismatch
163107,-9,4,Mismatch
163108,-9,4,Mismatch
163109,-9,4,Mismatch
163110,-9,4,Mismatch
163111,-9,4,Mismatch
163112,-9,4,Mismatch
163113,-9,4,Mismatch
163114,-9,4,Mismatch
165963,-9,-9,Missing Frame in File 1
165964,-9,4,Missing Frame in File 1
165965,-9,4,Missing Frame in File 1
165966,-9,4,Missing Frame in File 1
165967,-9,4,Missing Frame in File 1
165968,-9,4,Missing Frame in File 1
165969,-9,4,Missing Frame in File 1
166087,4,2,Mismatch
166088,4,2,Mismatch
166116,2,4,Mismatch
166117,2,4,Mismatch
166118,2,4,Mismatch
166119,2,4,Mismatch
166120,2,4,Mismatch
166121,2,4,Mismatch
166149,4,3,Mismatch
166150,4,3,Mismatch
166151,4,3,Mismatch
166152,4,3,Mismatch
166153,4,3,Mismatch
166154,4,3,Mismatch
166155,4,3,Mismatch
166189,3,4,Mismatch
166190,3,4,Mismatch
166191,3,4,Mismatch
166192,3,4,Mismatch
166193,3,4,Mismatch
166194,3,4,Mismatch
166195,3,4,Mismatch
166196,3,4,Mismatch
166197,3,4,Mismatch
166198,3,4,Mismatch
166199,3,4,Mismatch
166200,3,4,Mismatch
166201,3,4,Mismatch
166272,2,4,Mismatch
166273,2,4,Mismatch
166274,2,4,Mismatch
166275,2,4,Mismatch
166276,2,4,Mismatch
166277,2,4,Mismatch
166278,2,4,Mismatch
166279,2,4,Mismatch
166280,2,4,Mismatch
166281,2,4,Mismatch
166282,2,4,Mismatch
166283,2,4,Mismatch
166284,2,4,Mismatch
166285,2,4,Mismatch
166286,2,4,Mismatch
166287,2,4,Mismatch
166336,2,4,Mismatch
166337,2,4,Mismatch
166338,2,4,Mismatch
166339,2,4,Mismatch
166340,2,4,Mismatch
166341,2,4,Mismatch
166342,2,4,Mismatch
166343,2,4,Mismatch
166344,2,4,Mismatch
166345,2,4,Mismatch
166346,2,4,Mismatch
166347,2,4,Mismatch
166348,2,4,Mismatch
166349,2,4,Mismatch
166350,2,4,Mismatch
166351,2,4,Mismatch
166352,2,4,Mismatch
166353,2,4,Mismatch
166354,2,4,Mismatch
166355,2,4,Mismatch
166356,2,4,Mismatch
166357,2,4,Mismatch
166358,2,4,Mismatch
166359,2,4,Mismatch
166360,2,4,Mismatch
166361,2,4,Mismatch
166362,2,4,Mismatch
166363,2,4,Mismatch
166364,2,4,Mismatch
166365,2,4,Mismatch
166366,2,4,Mismatch
166367,2,4,Mismatch
166459,4,-9,Missing Frame in File 2
166460,4,-9,Missing Frame in File 2
166461,4,-9,Missing Frame in File 2
166462,4,-9,Missing Frame in File 2
166463,4,-9,Missing Frame in File 2
166464,4,-9,Missing Frame in File 2
166465,4,-9,Missing Frame in File 2
166466,4,-9,Missing Frame in File 2
166467,4,-9,Missing Frame in File 2
166468,4,-9,Missing Frame in File 2
166469,4,-9,Missing Frame in File 2
166470,4,-9,Missing Frame in File 2
166471,4,-9,Missing Frame in File 2
166472,4,-9,Missing Frame in File 2
166473,4,-9,Missing Frame in File 2
166474,4,-9,Missing Frame in File 2
166475,4,-9,Missing Frame in File 2
166476,4,-9,Missing Frame in File 2
166477,4,-9,Missing Frame in File 2
166478,4,-9,Missing Frame in File 2
166479,4,-9,Missing Frame in File 2
166480,4,-9,Missing Frame in File 2
166481,4,-9,Missing Frame in File 2
166482,4,-9,Missing Frame in File 2
166483,4,-9,Missing Frame in File 2
166484,4,-9,Missing Frame in File 2
166721,-9,4,Missing Frame in File 1
166722,-9,4,Missing Frame in File 1
166723,-9,4,Missing Frame in File 1
166724,-9,4,Missing Frame in File 1
166725,-9,4,Missing Frame in File 1
166726,-9,4,Missing Frame in File 1
166727,-9,4,Missing Frame in File 1
166728,-9,4,Missing Frame in File 1
166729,-9,4,Missing Frame in File 1
166730,-9,4,Missing Frame in File 1
166731,-9,4,Missing Frame in File 1
166732,-9,4,Missing Frame in File 1
166733,-9,4,Missing Frame in File 1
166734,-9,4,Missing Frame in File 1
166735,-9,4,Missing Frame in File 1
166736,-9,4,Missing Frame in File 1
166737,-9,4,Missing Frame in File 1
166738,-9,4,Missing Frame in File 1
166739,-9,4,Missing Frame in File 1
166740,-9,4,Missing Frame in File 1
166741,-9,4,Missing Frame in File 1
166742,-9,4,Missing Frame in File 1
166743,-9,4,Missing Frame in File 1
166744,-9,4,Missing Frame in File 1
166745,-9,4,Missing Frame in File 1
166746,-9,4,Missing Frame in File 1
166747,-9,4,Missing Frame in File 1
166748,-9,4,Missing Frame in File 1
166749,-9,4,Missing Frame in File 1
166750,-9,4,Missing Frame in File 1
166751,-9,4,Missing Frame in File 1
166752,-9,4,Missing Frame in File 1
166753,-9,4,Missing Frame in File 1
166754,-9,4,Missing Frame in File 1
166755,-9,4,Missing Frame in File 1
166756,-9,4,Missing Frame in File 1
166757,-9,4,Missing Frame in File 1
166758,-9,4,Missing Frame in File 1
166759,-9,4,Missing Frame in File 1
166760,-9,4,Missing Frame in File 1
166761,-9,4,Missing Frame in File 1
166762,-9,4,Missing Frame in File 1
166763,-9,4,Missing Frame in File 1
166764,-9,4,Missing Frame in File 1
166765,-9,4,Missing Frame in File 1
166766,-9,4,Missing Frame in File 1
166767,-9,4,Missing Frame in File 1
166768,-9,4,Missing Frame in File 1
166769,-9,4,Missing Frame in File 1
166770,-9,4,Missing Frame in File 1
166771,-9,4,Missing Frame in File 1
166772,-9,4,Missing Frame in File 1
166773,-9,4,Missing Frame in File 1
166774,-9,4,Missing Frame in File 1
166775,-9,4,Missing Frame in File 1
166776,-9,4,Missing Frame in File 1
166777,-9,4,Missing Frame in File 1
166778,-9,4,Missing Frame in File 1
166779,-9,4,Missing Frame in File 1
166780,-9,4,Missing Frame in File 1
167225,4,-9,Mismatch
167226,4,-9,Mismatch
167227,4,-9,Mismatch
167228,4,-9,Mismatch
167229,4,-9,Mismatch
167230,4,-9,Mismatch
167231,4,-9,Mismatch
167232,4,-9,Mismatch
167233,4,-9,Mismatch
167234,4,-9,Mismatch
167235,4,-9,Mismatch
167236,4,-9,Mismatch
167237,4,-9,Mismatch
167238,4,-9,Mismatch
167239,4,-9,Mismatch
167240,4,-9,Mismatch
167241,4,-9,Mismatch
167242,4,-9,Mismatch
167243,4,-9,Mismatch
167244,4,-9,Mismatch
167245,4,-9,Mismatch
167246,4,-9,Mismatch
167247,4,-9,Mismatch
167248,4,-9,Mismatch
167249,4,-9,Mismatch
167250,4,-9,Mismatch
167251,4,-9,Mismatch
167252,4,-9,Mismatch
167253,4,-9,Mismatch
167254,4,-9,Mismatch
167255,4,-9,Mismatch
167256,4,-9,Mismatch
167257,4,-9,Mismatch
167258,4,-9,Mismatch
167259,4,-9,Mismatch
167260,4,-9,Mismatch
167261,4,-9,Mismatch
167262,4,-9,Mismatch
167263,4,-9,Mismatch
167264,4,-9,Mismatch
167265,4,-9,Mismatch
167266,4,-9,Mismatch
167267,4,-9,Mismatch
167268,4,-9,Mismatch
167269,4,-9,Mismatch
167270,4,-9,Mismatch
167271,4,-9,Mismatch
167272,4,-9,Mismatch
167273,4,-9,Mismatch
167274,4,-9,Mismatch
167486,4,-9,Mismatch
167487,4,-9,Mismatch
167488,4,-9,Mismatch
167489,4,-9,Mismatch
167490,4,-9,Mismatch
167491,4,-9,Mismatch
167492,4,-9,Mismatch
167493,4,-9,Mismatch
167494,4,-9,Mismatch
167495,4,-9,Mismatch
167496,4,-9,Mismatch
167497,4,-9,Mismatch
167498,4,-9,Mismatch
167499,4,-9,Mismatch
167500,4,-9,Mismatch
167501,4,-9,Mismatch
167502,4,-9,Mismatch
167503,4,-9,Mismatch
167504,4,-9,Mismatch
167505,4,-9,Mismatch
167506,4,-9,Mismatch
167507,4,-9,Mismatch
167508,4,-9,Mismatch
167509,4,-9,Mismatch
167510,4,-9,Mismatch
167511,4,-9,Mismatch
167512,4,-9,Mismatch
167513,4,-9,Mismatch
167514,4,-9,Mismatch
167515,4,-9,Mismatch
167516,4,-9,Mismatch
167517,4,-9,Mismatch
167518,4,-9,Mismatch
167519,4,-9,Mismatch
167520,4,-9,Mismatch
167521,4,-9,Mismatch
167522,4,-9,Mismatch
167523,4,-9,Mismatch
167524,4,-9,Mismatch
167525,4,-9,Mismatch
167526,4,-9,Mismatch
167527,4,-9,Mismatch
167528,4,-9,Mismatch
167529,4,-9,Mismatch
167530,4,-9,Mismatch
167531,4,-9,Mismatch
167532,4,-9,Mismatch
167533,4,-9,Mismatch
167534,4,-9,Mismatch
167535,4,-9,Mismatch
167536,4,-9,Mismatch
167537,4,-9,Mismatch
167538,4,-9,Mismatch
167539,4,-9,Mismatch
167540,4,-9,Mismatch
167541,4,-9,Mismatch
167542,4,-9,Mismatch
167543,4,-9,Mismatch
167544,4,-9,Mismatch
167545,4,-9,Mismatch
167546,4,-9,Mismatch
167547,4,-9,Mismatch
167548,4,-9,Mismatch
167549,4,-9,Mismatch
167550,4,-9,Mismatch
167551,4,-9,Mismatch
167552,4,-9,Mismatch
167553,4,-9,Mismatch
167554,4,-9,Mismatch
167555,4,-9,Mismatch
167556,4,-9,Mismatch
167557,4,-9,Mismatch
167558,4,-9,Mismatch
167559,4,-9,Mismatch
167560,4,-9,Mismatch
167561,4,-9,Mismatch
167562,4,-9,Mismatch
167563,4,-9,Mismatch
167564,4,-9,Mismatch
167565,4,-9,Mismatch
167566,4,-9,Mismatch
167567,4,-9,Mismatch
167568,4,-9,Mismatch
167569,4,-9,Mismatch
167570,4,-9,Mismatch
167571,4,-9,Mismatch
167572,4,-9,Mismatch
167573,4,-9,Mismatch
167574,4,-9,Mismatch
167575,-9,-9,Missing Frame in File 1
167576,-9,-9,Missing Frame in File 1
167577,-9,-9,Missing Frame in File 1
170424,-9,-9,Missing Frame in File 1
170425,-9,4,Missing Frame in File 1
170426,-9,4,Missing Frame in File 1
170427,-9,4,Missing Frame in File 1
170428,-9,4,Missing Frame in File 1
170429,-9,4,Missing Frame in File 1
170430,-9,4,Missing Frame in File 1
170431,-9,4,Missing Frame in File 1
170432,-9,4,Missing Frame in File 1
170433,-9,4,Missing Frame in File 1
170434,-9,4,Missing Frame in File 1
170435,-9,4,Missing Frame in File 1
170436,-9,4,Missing Frame in File 1
170437,-9,4,Missing Frame in File 1
170438,-9,4,Missing Frame in File 1
170439,-9,4,Missing Frame in File 1
170440,-9,4,Missing Frame in File 1
170441,-9,4,Missing Frame in File 1
170442,-9,4,Missing Frame in File 1
170443,-9,4,Missing Frame in File 1
170444,-9,4,Missing Frame in File 1
170445,-9,4,Missing Frame in File 1
170446,-9,4,Missing Frame in File 1
170447,-9,0,Missing Frame in File 1
170448,-9,0,Missing Frame in File 1
170449,-9,0,Missing Frame in File 1
170450,-9,0,Missing Frame in File 1
170451,-9,0,Missing Frame in File 1
170452,-9,0,Missing Frame in File 1
170453,-9,0,Missing Frame in File 1
170454,-9,0,Missing Frame in File 1
170455,-9,0,Missing Frame in File 1
170456,-9,0,Missing Frame in File 1
170457,-9,0,Missing Frame in File 1
170458,-9,0,Missing Frame in File 1
170459,-9,0,Missing Frame in File 1
170460,-9,0,Missing Frame in File 1
170461,-9,0,Missing Frame in File 1
170462,1,0,Mismatch
170463,1,0,Mismatch
170464,1,0,Mismatch
170465,1,0,Mismatch
170466,1,0,Mismatch
170467,1,0,Mismatch
170468,1,0,Mismatch
170469,1,0,Mismatch
170470,1,0,Mismatch
170471,1,0,Mismatch
170472,1,0,Mismatch
170473,1,0,Mismatch
170474,1,0,Mismatch
170475,1,0,Mismatch
170489,4,1,Mismatch
170490,4,1,Mismatch
170491,4,1,Mismatch
170492,4,1,Mismatch
170493,4,1,Mismatch
170494,4,1,Mismatch
170495,4,1,Mismatch
170496,4,1,Mismatch
170497,4,1,Mismatch
170734,4,2,Mismatch
170735,4,2,Mismatch
170736,4,2,Mismatch
170737,4,2,Mismatch
170738,4,2,Mismatch
170739,4,2,Mismatch
170740,4,2,Mismatch
170741,4,2,Mismatch
170742,4,2,Mismatch
170743,4,2,Mismatch
170744,3,2,Mismatch
170745,3,2,Mismatch
170746,3,2,Mismatch
170747,3,2,Mismatch
170748,3,2,Mismatch
170749,3,2,Mismatch
170750,3,2,Mismatch
170751,3,2,Mismatch
170752,3,2,Mismatch
170753,3,2,Mismatch
170754,3,2,Mismatch
170755,3,2,Mismatch
170756,3,2,Mismatch
170757,3,2,Mismatch
170987,-9,3,Mismatch
171345,-9,4,Missing Frame in File 1
171346,-9,4,Missing Frame in File 1
171347,-9,4,Missing Frame in File 1
171348,-9,4,Missing Frame in File 1
171349,-9,4,Missing Frame in File 1
171350,-9,4,Missing Frame in File 1
171351,-9,4,Missing Frame in File 1
171352,-9,4,Missing Frame in File 1
171353,-9,4,Missing Frame in File 1
171354,-9,4,Missing Frame in File 1
172161,-9,4,Missing Frame in File 1
174693,-9,-9,Missing Frame in File 1
174694,-9,1,Missing Frame in File 1
174695,-9,1,Missing Frame in File 1
174696,-9,1,Missing Frame in File 1
174697,-9,1,Missing Frame in File 1
174698,-9,1,Missing Frame in File 1
174699,-9,1,Missing Frame in File 1
174700,-9,1,Missing Frame in File 1
174701,-9,1,Missing Frame in File 1
174702,-9,1,Missing Frame in File 1
174703,-9,1,Missing Frame in File 1
174704,-9,1,Missing Frame in File 1
174705,-9,1,Missing Frame in File 1
174706,-9,1,Missing Frame in File 1
174707,-9,1,Missing Frame in File 1
174708,-9,1,Missing Frame in File 1
174709,-9,1,Missing Frame in File 1
174710,-9,1,Missing Frame in File 1
174711,-9,1,Missing Frame in File 1
174712,-9,1,Missing Frame in File 1
174713,-9,1,Missing Frame in File 1
174714,-9,1,Missing Frame in File 1
174715,2,1,Mismatch
174716,2,1,Mismatch
174717,2,1,Mismatch
174718,2,1,Mismatch
174719,2,1,Mismatch
174720,2,1,Mismatch
174721,2,1,Mismatch
174722,2,1,Mismatch
174723,2,0,Mismatch
174724,2,0,Mismatch
174725,2,0,Mismatch
174726,2,0,Mismatch
174727,2,0,Mismatch
174728,2,0,Mismatch
174729,2,0,Mismatch
174730,2,0,Mismatch
174731,2,0,Mismatch
174732,2,0,Mismatch
174733,2,0,Mismatch
174734,2,0,Mismatch
174735,2,0,Mismatch
174736,2,0,Mismatch
174737,2,0,Mismatch
174738,2,0,Mismatch
174739,2,0,Mismatch
174740,2,-9,Mismatch
174753,2,-9,Mismatch
174754,2,4,Mismatch
174755,2,4,Mismatch
174756,2,4,Mismatch
174999,-9,-9,Missing Frame in File 1
175000,-9,4,Missing Frame in File 1
175001,-9,4,Missing Frame in File 1
175002,-9,4,Missing Frame in File 1
175003,-9,4,Missing Frame in File 1
175004,-9,4,Missing Frame in File 1
175005,-9,4,Missing Frame in File 1
175006,-9,4,Missing Frame in File 1
175007,-9,4,Missing Frame in File 1
175008,-9,4,Missing Frame in File 1
175009,-9,4,Missing Frame in File 1
175010,-9,4,Missing Frame in File 1
175011,-9,4,Missing Frame in File 1
175012,-9,4,Missing Frame in File 1
175013,-9,4,Missing Frame in File 1
175014,-9,4,Missing Frame in File 1
175015,-9,4,Missing Frame in File 1
175016,-9,4,Missing Frame in File 1
175017,-9,4,Missing Frame in File 1
175018,-9,4,Missing Frame in File 1
175019,-9,4,Missing Frame in File 1
175020,-9,4,Missing Frame in File 1
175021,-9,4,Missing Frame in File 1
175022,-9,4,Missing Frame in File 1
175023,-9,4,Missing Frame in File 1
175024,-9,4,Missing Frame in File 1
175025,-9,4,Missing Frame in File 1
175026,-9,4,Mismatch
175027,-9,4,Mismatch
175513,-9,4,Mismatch
175514,-9,4,Missing Frame in File 1
175662,4,-9,Mismatch
175820,2,4,Mismatch
175821,2,4,Mismatch
175822,2,4,Mismatch
175823,2,4,Mismatch
175824,2,4,Mismatch
175825,2,4,Mismatch
175880,2,4,Mismatch
175881,2,4,Mismatch
175882,2,4,Mismatch
175883,2,4,Mismatch
175884,2,4,Mismatch
175885,2,4,Mismatch
175886,2,4,Mismatch
175887,2,4,Mismatch
176280,4,-9,Mismatch
176281,4,-9,Mismatch
176700,4,-9,Mismatch
176851,4,-9,Mismatch
176852,4,-9,Mismatch
176853,4,-9,Mismatch
176854,4,-9,Mismatch
176855,4,-9,Mismatch
176856,4,-9,Mismatch
176857,4,-9,Mismatch
176858,4,-9,Mismatch
176859,4,-9,Mismatch
176860,4,-9,Mismatch
176861,4,-9,Mismatch
176862,4,-9,Mismatch
176863,4,-9,Missing Frame in File 2
176864,4,-9,Missing Frame in File 2
176865,4,-9,Missing Frame in File 2
176866,4,-9,Missing Frame in File 2
176867,4,-9,Missing Frame in File 2
176868,4,-9,Missing Frame in File 2
176869,4,-9,Missing Frame in File 2
176870,4,-9,Missing Frame in File 2
176871,4,-9,Missing Frame in File 2
176872,4,-9,Missing Frame in File 2
176873,4,-9,Missing Frame in File 2
176874,4,-9,Missing Frame in File 2
183700,-9,-9,Missing Frame in File 1
183701,-9,4,Missing Frame in File 1
183702,-9,4,Missing Frame in File 1
183703,-9,4,Missing Frame in File 1
183704,-9,4,Missing Frame in File 1
183705,-9,4,Missing Frame in File 1
183706,-9,4,Missing Frame in File 1
183707,-9,4,Missing Frame in File 1
183708,-9,4,Missing Frame in File 1
183709,-9,4,Missing Frame in File 1
183710,-9,4,Missing Frame in File 1
183711,-9,4,Missing Frame in File 1
183712,-9,4,Missing Frame in File 1
183713,-9,4,Missing Frame in File 1
183714,-9,4,Missing Frame in File 1
183715,-9,4,Missing Frame in File 1
183716,-9,4,Missing Frame in File 1
183717,-9,4,Missing Frame in File 1
183718,-9,4,Missing Frame in File 1
183719,-9,4,Missing Frame in File 1
183720,-9,4,Missing Frame in File 1
183721,-9,4,Missing Frame in File 1
183722,-9,4,Missing Frame in File 1
183723,-9,4,Missing Frame in File 1
183724,-9,4,Missing Frame in File 1
183725,-9,4,Missing Frame in File 1
183726,-9,4,Missing Frame in File 1
183727,-9,4,Missing Frame in File 1
183728,-9,4,Missing Frame in File 1
183729,-9,4,Missing Frame in File 1
183730,-9,4,Missing Frame in File 1
183731,-9,4,Missing Frame in File 1
183732,-9,4,Missing Frame in File 1
183733,-9,4,Missing Frame in File 1
183734,-9,4,Missing Frame in File 1
183735,-9,4,Missing Frame in File 1
183736,-9,4,Missing Frame in File 1
183737,-9,4,Missing Frame in File 1
183738,-9,4,Missing Frame in File 1
183739,-9,4,Missing Frame in File 1
183740,-9,4,Missing Frame in File 1
183741,-9,4,Missing Frame in File 1
183742,-9,4,Missing Frame in File 1
183743,-9,4,Missing Frame in File 1
183744,-9,4,Missing Frame in File 1
183745,-9,4,Missing Frame in File 1
183746,-9,4,Missing Frame in File 1
183747,-9,4,Missing Frame in File 1
183748,-9,4,Missing Frame in File 1
183749,-9,4,Missing Frame in File 1
183750,-9,4,Missing Frame in File 1
183751,-9,4,Missing Frame in File 1
183752,-9,4,Missing Frame in File 1
183753,-9,4,Missing Frame in File 1
183754,-9,4,Missing Frame in File 1
183755,-9,4,Missing Frame in File 1
183756,-9,4,Missing Frame in File 1
183757,-9,4,Missing Frame in File 1
183758,-9,4,Missing Frame in File 1
183759,-9,4,Missing Frame in File 1
183760,-9,4,Missing Frame in File 1
183761,-9,4,Missing Frame in File 1
183762,-9,4,Missing Frame in File 1
183763,-9,4,Missing Frame in File 1
183764,-9,4,Missing Frame in File 1
183765,-9,4,Missing Frame in File 1
183766,-9,4,Missing Frame in File 1
183767,-9,4,Missing Frame in File 1
183768,-9,4,Missing Frame in File 1
183769,-9,4,Missing Frame in File 1
183770,-9,4,Missing Frame in File 1
183771,-9,4,Missing Frame in File 1
183772,-9,4,Missing Frame in File 1
183773,-9,4,Missing Frame in File 1
183774,-9,4,Missing Frame in File 1
183775,-9,4,Missing Frame in File 1
183776,-9,4,Missing Frame in File 1
183777,-9,4,Missing Frame in File 1
183778,-9,4,Missing Frame in File 1
183779,-9,4,Missing Frame in File 1
183780,-9,4,Missing Frame in File 1
183781,-9,4,Missing Frame in File 1
183782,-9,4,Missing Frame in File 1
183783,-9,4,Missing Frame in File 1
183784,-9,4,Missing Frame in File 1
183785,-9,4,Missing Frame in File 1
183786,-9,4,Missing Frame in File 1
183787,-9,4,Missing Frame in File 1
183788,-9,4,Missing Frame in File 1
183789,-9,4,Missing Frame in File 1
183790,-9,4,Missing Frame in File 1
183791,-9,4,Missing Frame in File 1
183792,-9,4,Missing Frame in File 1
183793,-9,4,Missing Frame in File 1
183794,-9,4,Missing Frame in File 1
183795,-9,4,Missing Frame in File 1
183796,-9,4,Missing Frame in File 1
183797,-9,4,Missing Frame in File 1
183798,-9,4,Missing Frame in File 1
183799,-9,4,Missing Frame in File 1
183800,-9,4,Missing Frame in File 1
183801,-9,4,Missing Frame in File 1
183802,-9,4,Missing Frame in File 1
183803,-9,4,Missing Frame in File 1
183804,-9,4,Missing Frame in File 1
183805,-9,4,Missing Frame in File 1
183806,-9,4,Missing Frame in File 1
183807,-9,4,Missing Frame in File 1
183808,-9,4,Missing Frame in File 1
183809,-9,4,Missing Frame in File 1
183810,-9,4,Missing Frame in File 1
183811,-9,4,Missing Frame in File 1
183812,-9,4,Missing Frame in File 1
183813,-9,4,Missing Frame in File 1
183814,-9,4,Missing Frame in File 1
183815,-9,4,Missing Frame in File 1
183816,-9,4,Missing Frame in File 1
183817,-9,4,Missing Frame in File 1
183818,-9,4,Missing Frame in File 1
183819,-9,4,Missing Frame in File 1
183820,-9,4,Missing Frame in File 1
183821,-9,4,Missing Frame in File 1
183822,-9,4,Missing Frame in File 1
183823,-9,4,Missing Frame in File 1
183824,-9,4,Missing Frame in File 1
183825,-9,4,Missing Frame in File 1
183826,-9,4,Missing Frame in File 1
183827,-9,4,Missing Frame in File 1
183828,-9,4,Missing Frame in File 1
183829,-9,4,Missing Frame in File 1
183830,-9,4,Missing Frame in File 1
183831,-9,4,Missing Frame in File 1
183832,-9,4,Missing Frame in File 1
183833,-9,4,Missing Frame in File 1
183834,-9,4,Missing Frame in File 1
183835,-9,4,Missing Frame in File 1
183836,-9,4,Missing Frame in File 1
183837,-9,4,Missing Frame in File 1
183838,-9,4,Missing Frame in File 1
183839,-9,4,Missing Frame in File 1
183840,-9,4,Missing Frame in File 1
183841,-9,4,Missing Frame in File 1
183842,-9,4,Missing Frame in File 1
183843,-9,4,Missing Frame in File 1
183844,-9,4,Missing Frame in File 1
183845,-9,4,Missing Frame in File 1
183846,-9,4,Missing Frame in File 1
183847,-9,-9,Missing Frame in File 1
183848,-9,-9,Missing Frame in File 1
183849,-9,-9,Missing Frame in File 1
183850,-9,-9,Missing Frame in File 1
183851,-9,-9,Missing Frame in File 1
183852,-9,-9,Missing Frame in File 1
183853,-9,-9,Missing Frame in File 1
183854,-9,-9,Missing Frame in File 1
183855,-9,-9,Missing Frame in File 1
183856,-9,-9,Missing Frame in File 1
183857,-9,-9,Missing Frame in File 1
183858,-9,-9,Missing Frame in File 1
183859,-9,-9,Missing Frame in File 1
183860,-9,-9,Missing Frame in File 1
183861,-9,-9,Missing Frame in File 1
183862,-9,-9,Missing Frame in File 1
183863,-9,-9,Missing Frame in File 1
183864,-9,-9,Missing Frame in File 1
183865,-9,-9,Missing Frame in File 1
183866,-9,-9,Missing Frame in File 1
183867,-9,-9,Missing Frame in File 1
183868,-9,-9,Missing Frame in File 1
183869,-9,-9,Missing Frame in File 1
183870,-9,-9,Missing Frame in File 1
183871,-9,-9,Missing Frame in File 1
183872,-9,-9,Missing Frame in File 1
183873,-9,-9,Missing Frame in File 1
183874,-9,-9,Missing Frame in File 1
183875,-9,-9,Missing Frame in File 1
183876,-9,-9,Missing Frame in File 1
183877,-9,-9,Missing Frame in File 1
183878,-9,-9,Missing Frame in File 1
183879,-9,-9,Missing Frame in File 1
183880,-9,-9,Missing Frame in File 1
183881,-9,-9,Missing Frame in File 1
183882,-9,-9,Missing Frame in File 1
183883,-9,-9,Missing Frame in File 1
183884,-9,-9,Missing Frame in File 1
183885,-9,-9,Missing Frame in File 1
183886,-9,-9,Missing Frame in File 1
183887,-9,-9,Missing Frame in File 1
183888,-9,-9,Missing Frame in File 1
183889,-9,-9,Missing Frame in File 1
183890,-9,-9,Missing Frame in File 1
183891,-9,-9,Missing Frame in File 1
183892,-9,-9,Missing Frame in File 1
183893,-9,-9,Missing Frame in File 1
183894,-9,-9,Missing Frame in File 1
183895,-9,-9,Missing Frame in File 1
183896,-9,-9,Missing Frame in File 1
183897,-9,-9,Missing Frame in File 1
183898,-9,-9,Missing Frame in File 1
183899,-9,-9,Missing Frame in File 1
183900,-9,-9,Missing Frame in File 1
183901,-9,-9,Missing Frame in File 1
183902,-9,-9,Missing Frame in File 1
183903,-9,-9,Missing Frame in File 1
183904,-9,-9,Missing Frame in File 1
183905,-9,-9,Missing Frame in File 1
183906,-9,-9,Missing Frame in File 1
183907,-9,-9,Missing Frame in File 1
183908,-9,-9,Missing Frame in File 1
183909,-9,-9,Missing Frame in File 1
183910,-9,-9,Missing Frame in File 1
183911,-9,-9,Missing Frame in File 1
183912,-9,-9,Missing Frame in File 1
183913,-9,-9,Missing Frame in File 1
183914,-9,-9,Missing Frame in File 1
183915,-9,-9,Missing Frame in File 1
183916,-9,-9,Missing Frame in File 1
183917,-9,-9,Missing Frame in File 1
183918,-9,-9,Missing Frame in File 1
183919,-9,-9,Missing Frame in File 1
183920,-9,-9,Missing Frame in File 1
183921,-9,-9,Missing Frame in File 1
183922,-9,-9,Missing Frame in File 1
183923,-9,-9,Missing Frame in File 1
183924,-9,-9,Missing Frame in File 1
183925,-9,-9,Missing Frame in File 1
183926,-9,-9,Missing Frame in File 1
183927,-9,-9,Missing Frame in File 1
183928,-9,-9,Missing Frame in File 1
183929,-9,-9,Missing Frame in File 1
183930,-9,-9,Missing Frame in File 1
183931,-9,-9,Missing Frame in File 1
183932,-9,-9,Missing Frame in File 1
183933,-9,-9,Missing Frame in File 1
183934,-9,-9,Missing Frame in File 1
183935,-9,-9,Missing Frame in File 1
183936,-9,-9,Missing Frame in File 1
183937,-9,-9,Missing Frame in File 1
183938,-9,-9,Missing Frame in File 1
183939,-9,-9,Missing Frame in File 1
183940,-9,-9,Missing Frame in File 1
183941,-9,-9,Missing Frame in File 1
183942,-9,-9,Missing Frame in File 1
